Year	Region	Vocation	Vehicle	Model Year	Sales [veh]	Stock [veh]	 Travel [mi]	 Energy [mi]
2010	1	agricultural	VCC 22601 (DSL T6 Ag)	2010	3.8653997576519803	3.8653997576519803	27614.334992906617	3048.8537244618283
2011	1	agricultural	VCC 22601 (DSL T6 Ag)	2010	0.0	3.8267457600754606	25196.781349076486	2781.9355664482055
2012	1	agricultural	VCC 22601 (DSL T6 Ag)	2010	0.0	3.7884783024747057	24723.868723289732	2729.7220541240686
2013	1	agricultural	VCC 22601 (DSL T6 Ag)	2010	0.0	3.7505935194499584	22499.6869036179	2484.1537640845418
2014	1	agricultural	VCC 22601 (DSL T6 Ag)	2010	0.0	3.713087584255459	20319.111966020933	2243.4000388303075
2015	1	agricultural	VCC 22601 (DSL T6 Ag)	2010	0.0	3.675956708412904	18744.048005797296	2069.49979380804
2016	1	agricultural	VCC 22601 (DSL T6 Ag)	2010	0.0	3.639197141328775	17353.050383890135	1915.9220132328937
2017	1	agricultural	VCC 22601 (DSL T6 Ag)	2010	0.0	3.6028051699154875	16577.19708961161	1830.261315392273
2018	1	agricultural	VCC 22601 (DSL T6 Ag)	2010	0.0	3.5667771182163324	16273.369069066213	1796.716158781634
2019	1	agricultural	VCC 22601 (DSL T6 Ag)	2010	0.0	3.4597738046698425	15377.680474377112	1697.8246407140316
2020	1	agricultural	VCC 22601 (DSL T6 Ag)	2010	0.0	3.355980590529747	13425.18763727721	1482.2530884783464
2010	1	agricultural	VCC 22601 (DSL T6 Ag)	2011	0.0	0.0	0.0	0.0
2011	1	agricultural	VCC 22601 (DSL T6 Ag)	2011	0.4107929372523702	0.4107929372523702	2934.6961487103067	330.73826149822884
2012	1	agricultural	VCC 22601 (DSL T6 Ag)	2011	0.0	0.4066850078798465	2677.772150009222	301.7831014538361
2013	1	agricultural	VCC 22601 (DSL T6 Ag)	2011	0.0	0.40261815780104804	2627.513657022541	296.11900345062685
2014	1	agricultural	VCC 22601 (DSL T6 Ag)	2011	0.0	0.39859197622303755	2391.1401277704663	269.4798673467449
2015	1	agricultural	VCC 22601 (DSL T6 Ag)	2011	0.0	0.39460605646080715	2159.400892587585	243.3630130349287
2016	1	agricultural	VCC 22601 (DSL T6 Ag)	2011	0.0	0.3906599958961991	1992.0119571224343	224.49839376791778
2017	1	agricultural	VCC 22601 (DSL T6 Ag)	2011	0.0	0.38675339593723707	1844.1845564291082	207.83834617539304
2018	1	agricultural	VCC 22601 (DSL T6 Ag)	2011	0.0	0.3828858619778647	1761.7312337158048	198.54591274205967
2019	1	agricultural	VCC 22601 (DSL T6 Ag)	2011	0.0	0.37905700335808606	1729.4421012056832	194.90694945232465
2020	1	agricultural	VCC 22601 (DSL T6 Ag)	2011	0.0	0.36768529325734345	1634.2533570279556	184.179242675125
2010	1	agricultural	VCC 22601 (DSL T6 Ag)	2012	0.0	0.0	0.0	0.0
2011	1	agricultural	VCC 22601 (DSL T6 Ag)	2012	0.0	0.0	0.0	0.0
2012	1	agricultural	VCC 22601 (DSL T6 Ag)	2012	8.923390347493981e-2	8.923390347493981e-2	637.4851393840077	74.86349023173149
2013	1	agricultural	VCC 22601 (DSL T6 Ag)	2012	0.0	8.834156444019041e-2	581.6751942232333	68.30941229916296
2014	1	agricultural	VCC 22601 (DSL T6 Ag)	2012	0.0	8.74581487957885e-2	570.7578655516008	67.0273285643874
2015	1	agricultural	VCC 22601 (DSL T6 Ag)	2012	0.0	8.658356730783062e-2	519.4119664852975	60.99748884623491
2016	1	agricultural	VCC 22601 (DSL T6 Ag)	2012	0.0	8.571773163475231e-2	469.0727452660157	55.08586900884672
2017	1	agricultural	VCC 22601 (DSL T6 Ag)	2012	0.0	8.48605543184048e-2	432.7119251166328	50.81581197394643
2018	1	agricultural	VCC 22601 (DSL T6 Ag)	2012	0.0	8.401194877522074e-2	400.60033115240765	47.04476563490701
2019	1	agricultural	VCC 22601 (DSL T6 Ag)	2012	0.0	8.317182928746854e-2	382.6895270149285	44.94139846954174
2020	1	agricultural	VCC 22601 (DSL T6 Ag)	2012	0.0	8.234011099459385e-2	375.67556676291076	44.11770939449903
2010	1	commercial	VCC 21400 (GAS LHD1)	2010	48.679095983672525	48.679095983672525	1201184.3737914688	117564.40292421324
2011	1	commercial	VCC 21400 (GAS LHD1)	2010	0.0	48.1923050238358	1018565.8990006543	99690.85043705795
2012	1	commercial	VCC 21400 (GAS LHD1)	2010	0.0	47.71038197359744	910136.8225175354	89078.49157317654
2013	1	commercial	VCC 21400 (GAS LHD1)	2010	0.0	47.23327815386146	831330.2879865653	81365.40157566353
2014	1	commercial	VCC 21400 (GAS LHD1)	2010	0.0	46.76094537232285	768979.8519287093	75262.93142441702
2015	1	commercial	VCC 21400 (GAS LHD1)	2010	0.0	46.29333591859962	714069.0680160841	69888.6078271064
2016	1	commercial	VCC 21400 (GAS LHD1)	2010	0.0	45.83040255941362	669574.159239369	65533.724848575424
2017	1	commercial	VCC 21400 (GAS LHD1)	2010	0.0	45.37209853381949	631129.5094840082	61771.00332743771
2018	1	commercial	VCC 21400 (GAS LHD1)	2010	0.0	44.91837754848129	597770.3564152304	58506.01836912594
2019	1	commercial	VCC 21400 (GAS LHD1)	2010	0.0	43.57082622202685	556438.2389119106	54460.68959038609
2020	1	commercial	VCC 21400 (GAS LHD1)	2010	0.0	42.263701435366045	519258.7256635152	50821.79170640538
2010	1	commercial	VCC 21400 (GAS LHD1)	2011	0.0	0.0	0.0	0.0
2011	1	commercial	VCC 21400 (GAS LHD1)	2011	35.136847264061984	35.136847264061984	867021.6861061893	85791.61068565406
2012	1	commercial	VCC 21400 (GAS LHD1)	2011	0.0	34.78547879142136	735206.6364086146	72748.53966749796
2013	1	commercial	VCC 21400 (GAS LHD1)	2011	0.0	34.43762400350715	656941.9147168127	65004.26216971254
2014	1	commercial	VCC 21400 (GAS LHD1)	2011	0.0	34.09324776347208	600058.911627489	59375.701161525234
2015	1	commercial	VCC 21400 (GAS LHD1)	2011	0.0	33.752315285837355	555054.0136452552	54922.476117086735
2016	1	commercial	VCC 21400 (GAS LHD1)	2011	0.0	33.41479213297898	515419.09872951894	51000.60975030544
2017	1	commercial	VCC 21400 (GAS LHD1)	2011	0.0	33.080644211649194	483302.4214962319	47822.671396664875
2018	1	commercial	VCC 21400 (GAS LHD1)	2011	0.0	32.749837769532704	455552.85550126043	45076.85776744859
2019	1	commercial	VCC 21400 (GAS LHD1)	2011	0.0	32.42233939183737	431474.0298256715	42694.26310893984
2020	1	commercial	VCC 21400 (GAS LHD1)	2011	0.0	31.44966921008225	401640.2732517712	39742.21926702243
2010	1	commercial	VCC 21400 (GAS LHD1)	2012	0.0	0.0	0.0	0.0
2011	1	commercial	VCC 21400 (GAS LHD1)	2012	0.0	0.0	0.0	0.0
2012	1	commercial	VCC 21400 (GAS LHD1)	2012	193.78907098340483	193.78907098340483	4781855.520794948	468183.90551134245
2013	1	commercial	VCC 21400 (GAS LHD1)	2012	0.0	191.85118027357078	4054860.414189265	397004.9652823621
2014	1	commercial	VCC 21400 (GAS LHD1)	2012	0.0	189.93266847083507	3623209.6290904633	354742.72011293925
2015	1	commercial	VCC 21400 (GAS LHD1)	2012	0.0	188.0333417861267	3309484.716875564	324026.4105092236
2016	1	commercial	VCC 21400 (GAS LHD1)	2012	0.0	186.15300836826543	3061270.7179320585	299724.1707358564
2017	1	commercial	VCC 21400 (GAS LHD1)	2012	0.0	184.29147828458278	2842673.6058376343	278321.6734774586
2018	1	commercial	VCC 21400 (GAS LHD1)	2012	0.0	182.44856350173694	2665541.5769638214	260978.95688791532
2019	1	commercial	VCC 21400 (GAS LHD1)	2012	0.0	180.62407786671957	2512495.32970252	245994.4410540411
2020	1	commercial	VCC 21400 (GAS LHD1)	2012	0.0	178.81783708805239	2379694.192964896	232992.09194838884
2010	1	commercial	VCC 21400 (GAS LHD1)	2013	0.0	0.0	0.0	0.0
2011	1	commercial	VCC 21400 (GAS LHD1)	2013	0.0	0.0	0.0	0.0
2012	1	commercial	VCC 21400 (GAS LHD1)	2013	0.0	0.0	0.0	0.0
2013	1	commercial	VCC 21400 (GAS LHD1)	2013	265.9448989323123	265.9448989323123	6562341.605402687	643795.6569773718
2014	1	commercial	VCC 21400 (GAS LHD1)	2013	0.0	263.28544994298915	5564655.620484111	545918.1091842229
2015	1	commercial	VCC 21400 (GAS LHD1)	2013	0.0	260.6525954435593	4972283.07937737	487803.6597683017
2016	1	commercial	VCC 21400 (GAS LHD1)	2013	0.0	258.0460694891237	4541745.177275117	445565.9269277281
2017	1	commercial	VCC 21400 (GAS LHD1)	2013	0.0	255.46560879423245	4201110.658890597	412148.1262798638
2018	1	commercial	VCC 21400 (GAS LHD1)	2013	0.0	252.91095270629012	3901120.640940485	382717.736594901
2019	1	commercial	VCC 21400 (GAS LHD1)	2013	0.0	250.3818431792272	3658034.9020106792	358869.9163492585
2020	1	commercial	VCC 21400 (GAS LHD1)	2013	0.0	247.87802474743492	3448003.0949880737	338264.837656473
2010	1	commercial	VCC 21400 (GAS LHD1)	2014	0.0	0.0	0.0	0.0
2011	1	commercial	VCC 21400 (GAS LHD1)	2014	0.0	0.0	0.0	0.0
2012	1	commercial	VCC 21400 (GAS LHD1)	2014	0.0	0.0	0.0	0.0
2013	1	commercial	VCC 21400 (GAS LHD1)	2014	0.0	0.0	0.0	0.0
2014	1	commercial	VCC 21400 (GAS LHD1)	2014	209.98688344768067	209.98688344768067	5181545.753913056	506668.0544101845
2015	1	commercial	VCC 21400 (GAS LHD1)	2014	0.0	207.88701461320386	4393784.937768193	429638.29166896484
2016	1	commercial	VCC 21400 (GAS LHD1)	2014	0.0	205.80814446707183	3926054.7265613703	383902.14123122
2017	1	commercial	VCC 21400 (GAS LHD1)	2014	0.0	203.7500630224011	3586107.1937020724	350660.98825186276
2018	1	commercial	VCC 21400 (GAS LHD1)	2014	0.0	201.7125623921771	3317146.287900031	324361.13385953044
2019	1	commercial	VCC 21400 (GAS LHD1)	2014	0.0	199.6954367682553	3080277.789246139	301199.37729810365
2020	1	commercial	VCC 21400 (GAS LHD1)	2014	0.0	197.69848240057274	2888340.2227300084	282431.11045002803
2010	1	commercial	VCC 21400 (GAS LHD1)	2015	0.0	0.0	0.0	0.0
2011	1	commercial	VCC 21400 (GAS LHD1)	2015	0.0	0.0	0.0	0.0
2012	1	commercial	VCC 21400 (GAS LHD1)	2015	0.0	0.0	0.0	0.0
2013	1	commercial	VCC 21400 (GAS LHD1)	2015	0.0	0.0	0.0	0.0
2014	1	commercial	VCC 21400 (GAS LHD1)	2015	0.0	0.0	0.0	0.0
2015	1	commercial	VCC 21400 (GAS LHD1)	2015	30.597793925284652	30.597793925284652	755017.9639299585	73465.73147988261
2016	1	commercial	VCC 21400 (GAS LHD1)	2015	0.0	30.291815986031803	640231.0652481648	62296.58865304061
2017	1	commercial	VCC 21400 (GAS LHD1)	2015	0.0	29.988897826171485	572076.7482729236	55664.94942152378
2018	1	commercial	VCC 21400 (GAS LHD1)	2015	0.0	29.68900884790977	522542.01360255864	50845.05679634929
2019	1	commercial	VCC 21400 (GAS LHD1)	2015	0.0	29.392118759430673	483350.944929266	47031.63689760254
2020	1	commercial	VCC 21400 (GAS LHD1)	2015	0.0	29.098197571836366	448836.15338511165	43673.23414587385
2010	1	commercial	VCC 21400 (GAS LHD1)	2016	0.0	0.0	0.0	0.0
2011	1	commercial	VCC 21400 (GAS LHD1)	2016	0.0	0.0	0.0	0.0
2012	1	commercial	VCC 21400 (GAS LHD1)	2016	0.0	0.0	0.0	0.0
2013	1	commercial	VCC 21400 (GAS LHD1)	2016	0.0	0.0	0.0	0.0
2014	1	commercial	VCC 21400 (GAS LHD1)	2016	0.0	0.0	0.0	0.0
2015	1	commercial	VCC 21400 (GAS LHD1)	2016	0.0	0.0	0.0	0.0
2016	1	commercial	VCC 21400 (GAS LHD1)	2016	153.18444447130997	153.18444447130997	3779913.2726002336	360379.25709244784
2017	1	commercial	VCC 21400 (GAS LHD1)	2016	0.0	151.65260002659687	3205245.459943817	305590.07425556314
2018	1	commercial	VCC 21400 (GAS LHD1)	2016	0.0	150.1360740263309	2864038.4693461526	273059.1898361573
2019	1	commercial	VCC 21400 (GAS LHD1)	2016	0.0	148.63471328606758	2616048.3419846087	249415.658511605
2020	1	commercial	VCC 21400 (GAS LHD1)	2016	0.0	147.14836615320692	2419842.625402071	230709.28477232993
2010	1	commercial	VCC 21400 (GAS LHD1)	2017	0.0	0.0	0.0	0.0
2011	1	commercial	VCC 21400 (GAS LHD1)	2017	0.0	0.0	0.0	0.0
2012	1	commercial	VCC 21400 (GAS LHD1)	2017	0.0	0.0	0.0	0.0
2013	1	commercial	VCC 21400 (GAS LHD1)	2017	0.0	0.0	0.0	0.0
2014	1	commercial	VCC 21400 (GAS LHD1)	2017	0.0	0.0	0.0	0.0
2015	1	commercial	VCC 21400 (GAS LHD1)	2017	0.0	0.0	0.0	0.0
2016	1	commercial	VCC 21400 (GAS LHD1)	2017	0.0	0.0	0.0	0.0
2017	1	commercial	VCC 21400 (GAS LHD1)	2017	161.43117034647307	161.43117034647307	3983405.9229056174	371970.1786202379
2018	1	commercial	VCC 21400 (GAS LHD1)	2017	0.0	159.81685864300835	3377800.713592423	315418.80468512594
2019	1	commercial	VCC 21400 (GAS LHD1)	2017	0.0	158.21869005657825	3018224.7526475424	281841.6255050918
2020	1	commercial	VCC 21400 (GAS LHD1)	2017	0.0	156.63650315601245	2756884.009907552	257437.6444298136
2010	1	commercial	VCC 21400 (GAS LHD1)	2018	0.0	0.0	0.0	0.0
2011	1	commercial	VCC 21400 (GAS LHD1)	2018	0.0	0.0	0.0	0.0
2012	1	commercial	VCC 21400 (GAS LHD1)	2018	0.0	0.0	0.0	0.0
2013	1	commercial	VCC 21400 (GAS LHD1)	2018	0.0	0.0	0.0	0.0
2014	1	commercial	VCC 21400 (GAS LHD1)	2018	0.0	0.0	0.0	0.0
2015	1	commercial	VCC 21400 (GAS LHD1)	2018	0.0	0.0	0.0	0.0
2016	1	commercial	VCC 21400 (GAS LHD1)	2018	0.0	0.0	0.0	0.0
2017	1	commercial	VCC 21400 (GAS LHD1)	2018	0.0	0.0	0.0	0.0
2018	1	commercial	VCC 21400 (GAS LHD1)	2018	278.8702629611096	278.8702629611096	6881282.312563007	615477.8901298408
2019	1	commercial	VCC 21400 (GAS LHD1)	2018	0.0	276.08156033149845	5835107.130847377	521905.5493507118
2020	1	commercial	VCC 21400 (GAS LHD1)	2018	0.0	273.3207447281835	5213944.299852741	466347.30144251615
2010	1	commercial	VCC 21400 (GAS LHD1)	2019	0.0	0.0	0.0	0.0
2011	1	commercial	VCC 21400 (GAS LHD1)	2019	0.0	0.0	0.0	0.0
2012	1	commercial	VCC 21400 (GAS LHD1)	2019	0.0	0.0	0.0	0.0
2013	1	commercial	VCC 21400 (GAS LHD1)	2019	0.0	0.0	0.0	0.0
2014	1	commercial	VCC 21400 (GAS LHD1)	2019	0.0	0.0	0.0	0.0
2015	1	commercial	VCC 21400 (GAS LHD1)	2019	0.0	0.0	0.0	0.0
2016	1	commercial	VCC 21400 (GAS LHD1)	2019	0.0	0.0	0.0	0.0
2017	1	commercial	VCC 21400 (GAS LHD1)	2019	0.0	0.0	0.0	0.0
2018	1	commercial	VCC 21400 (GAS LHD1)	2019	0.0	0.0	0.0	0.0
2019	1	commercial	VCC 21400 (GAS LHD1)	2019	24.18073690294455	24.18073690294455	596673.4329725819	53373.30576834754
2020	1	commercial	VCC 21400 (GAS LHD1)	2019	0.0	23.938929533915104	505959.9716130115	45258.854809254786
2010	1	commercial	VCC 21400 (GAS LHD1)	2020	0.0	0.0	0.0	0.0
2011	1	commercial	VCC 21400 (GAS LHD1)	2020	0.0	0.0	0.0	0.0
2012	1	commercial	VCC 21400 (GAS LHD1)	2020	0.0	0.0	0.0	0.0
2013	1	commercial	VCC 21400 (GAS LHD1)	2020	0.0	0.0	0.0	0.0
2014	1	commercial	VCC 21400 (GAS LHD1)	2020	0.0	0.0	0.0	0.0
2015	1	commercial	VCC 21400 (GAS LHD1)	2020	0.0	0.0	0.0	0.0
2016	1	commercial	VCC 21400 (GAS LHD1)	2020	0.0	0.0	0.0	0.0
2017	1	commercial	VCC 21400 (GAS LHD1)	2020	0.0	0.0	0.0	0.0
2018	1	commercial	VCC 21400 (GAS LHD1)	2020	0.0	0.0	0.0	0.0
2019	1	commercial	VCC 21400 (GAS LHD1)	2020	0.0	0.0	0.0	0.0
2020	1	commercial	VCC 21400 (GAS LHD1)	2020	172.59435577126092	172.59435577126092	4258863.870984386	380995.55974480446
2010	1	commercial	VCC 24724 (NG T7 SWCVng)	2010	5.278738806080034	5.278738806080034	130255.88168927215	151481.2646890227
2011	1	commercial	VCC 24724 (NG T7 SWCVng)	2010	0.0	5.225951418019234	110452.8181749301	128451.26353310072
2012	1	commercial	VCC 24724 (NG T7 SWCVng)	2010	0.0	5.173691903839042	98694.8189316648	114777.2814258567
2013	1	commercial	VCC 24724 (NG T7 SWCVng)	2010	0.0	5.1219549848006505	90149.07452957383	104838.99569971974
2014	1	commercial	VCC 24724 (NG T7 SWCVng)	2010	0.0	5.070735434952645	83387.82188624187	96975.98722738697
2015	1	commercial	VCC 24724 (NG T7 SWCVng)	2010	0.0	5.020028080603118	77433.32170388287	90051.19268823147
2016	1	commercial	VCC 24724 (NG T7 SWCVng)	2010	0.0	4.969827799797086	72608.31423637735	84439.9433240355
2017	1	commercial	VCC 24724 (NG T7 SWCVng)	2010	0.0	4.920129521799115	68439.39407775635	79591.69163800449
2018	1	commercial	VCC 24724 (NG T7 SWCVng)	2010	0.0	4.870928226581125	64821.942843633515	75384.77152975938
2019	1	commercial	VCC 24724 (NG T7 SWCVng)	2010	0.0	4.724800379783691	60339.90700887983	70172.38151846113
2020	1	commercial	VCC 24724 (NG T7 SWCVng)	2010	0.0	4.58305636839018	56308.17767189092	65483.67609548587
2010	1	commercial	VCC 24724 (NG T7 SWCVng)	2011	0.0	0.0	0.0	0.0
2011	1	commercial	VCC 24724 (NG T7 SWCVng)	2011	2.9330134400157677	2.9330134400157677	72373.77443182147	45560.29060215609
2012	1	commercial	VCC 24724 (NG T7 SWCVng)	2011	0.0	2.90368330561561	61370.64402988687	38633.668043347774
2013	1	commercial	VCC 24724 (NG T7 SWCVng)	2011	0.0	2.874646472559454	54837.57409119791	34521.010284821255
2014	1	commercial	VCC 24724 (NG T7 SWCVng)	2011	0.0	2.845900007833859	50089.321884173994	31531.9199395591
2015	1	commercial	VCC 24724 (NG T7 SWCVng)	2011	0.0	2.8174410077555208	46332.582707878006	29167.000741517462
2016	1	commercial	VCC 24724 (NG T7 SWCVng)	2011	0.0	2.7892665976779654	43024.09753651102	27084.263630681795
2017	1	commercial	VCC 24724 (NG T7 SWCVng)	2011	0.0	2.7613739317011854	40343.18979126132	25396.595177432748
2018	1	commercial	VCC 24724 (NG T7 SWCVng)	2011	0.0	2.7337601923841737	38026.8223207768	23938.409862031345
2019	1	commercial	VCC 24724 (NG T7 SWCVng)	2011	0.0	2.706422590460332	36016.866253986125	22673.114757285686
2020	1	commercial	VCC 24724 (NG T7 SWCVng)	2011	0.0	2.625229912746522	33526.523044198315	21105.409311110252
2010	1	commercial	VCC 24724 (NG T7 SWCVng)	2012	0.0	0.0	0.0	0.0
2011	1	commercial	VCC 24724 (NG T7 SWCVng)	2012	0.0	0.0	0.0	0.0
2012	1	commercial	VCC 24724 (NG T7 SWCVng)	2012	9.680918259843567	9.680918259843567	238882.16292219015	379718.76376307517
2013	1	commercial	VCC 24724 (NG T7 SWCVng)	2012	0.0	9.584109077245131	202564.42752751158	321989.356853637
2014	1	commercial	VCC 24724 (NG T7 SWCVng)	2012	0.0	9.48826798647268	181000.8999966084	287712.7247424624
2015	1	commercial	VCC 24724 (NG T7 SWCVng)	2012	0.0	9.393385306607954	165328.4721562937	262800.3794593667
2016	1	commercial	VCC 24724 (NG T7 SWCVng)	2012	0.0	9.299451453541874	152928.70460218456	243090.14095097937
2017	1	commercial	VCC 24724 (NG T7 SWCVng)	2012	0.0	9.206456939006454	142008.4769377194	225731.72750546524
2018	1	commercial	VCC 24724 (NG T7 SWCVng)	2012	0.0	9.11439236961639	133159.67713685508	211665.98362543515
2019	1	commercial	VCC 24724 (NG T7 SWCVng)	2012	0.0	9.023248445920226	125514.10557704639	199512.84943810652
2020	1	commercial	VCC 24724 (NG T7 SWCVng)	2012	0.0	8.933015961461022	118879.89786323084	188967.34398545354
2010	1	commercial	VCC 24724 (NG T7 SWCVng)	2013	0.0	0.0	0.0	0.0
2011	1	commercial	VCC 24724 (NG T7 SWCVng)	2013	0.0	0.0	0.0	0.0
2012	1	commercial	VCC 24724 (NG T7 SWCVng)	2013	0.0	0.0	0.0	0.0
2013	1	commercial	VCC 24724 (NG T7 SWCVng)	2013	30.00698579556303	30.00698579556303	740439.4373778508	300137.64177467424
2014	1	commercial	VCC 24724 (NG T7 SWCVng)	2013	0.0	29.7069159376074	627868.9413913733	254507.11280334226
2015	1	commercial	VCC 24724 (NG T7 SWCVng)	2013	0.0	29.409846778231326	561030.6057134415	227414.14687278576
2016	1	commercial	VCC 24724 (NG T7 SWCVng)	2013	0.0	29.11574831044901	512452.3296694178	207722.908835863
2017	1	commercial	VCC 24724 (NG T7 SWCVng)	2013	0.0	28.824590827344522	474017.9953555106	192143.52464610804
2018	1	commercial	VCC 24724 (NG T7 SWCVng)	2013	0.0	28.536344919071073	440169.6446498601	178423.07210682525
2019	1	commercial	VCC 24724 (NG T7 SWCVng)	2013	0.0	28.25098146988036	412741.89422315557	167305.21436358007
2020	1	commercial	VCC 24724 (NG T7 SWCVng)	2013	0.0	27.96847165518156	389043.6714888747	157699.12326866674
2010	1	commercial	VCC 24724 (NG T7 SWCVng)	2014	0.0	0.0	0.0	0.0
2011	1	commercial	VCC 24724 (NG T7 SWCVng)	2014	0.0	0.0	0.0	0.0
2012	1	commercial	VCC 24724 (NG T7 SWCVng)	2014	0.0	0.0	0.0	0.0
2013	1	commercial	VCC 24724 (NG T7 SWCVng)	2014	0.0	0.0	0.0	0.0
2014	1	commercial	VCC 24724 (NG T7 SWCVng)	2014	22.72313100105888	22.72313100105888	560706.178505109	199634.05052348052
2015	1	commercial	VCC 24724 (NG T7 SWCVng)	2014	0.0	22.495899691048294	475460.8911382876	169283.28454753256
2016	1	commercial	VCC 24724 (NG T7 SWCVng)	2014	0.0	22.270940694137806	424846.80187754735	151262.62410177558
2017	1	commercial	VCC 24724 (NG T7 SWCVng)	2014	0.0	22.04823128719643	388060.3502867591	138165.16126476126
2018	1	commercial	VCC 24724 (NG T7 SWCVng)	2014	0.0	21.827748974324464	358955.51384955377	127802.66373838572
2019	1	commercial	VCC 24724 (NG T7 SWCVng)	2014	0.0	21.60947148458122	333323.4656160385	118676.61910354269
2020	1	commercial	VCC 24724 (NG T7 SWCVng)	2014	0.0	21.393376769735408	312553.4899091645	111281.66870243923
2010	1	commercial	VCC 24724 (NG T7 SWCVng)	2015	0.0	0.0	0.0	0.0
2011	1	commercial	VCC 24724 (NG T7 SWCVng)	2015	0.0	0.0	0.0	0.0
2012	1	commercial	VCC 24724 (NG T7 SWCVng)	2015	0.0	0.0	0.0	0.0
2013	1	commercial	VCC 24724 (NG T7 SWCVng)	2015	0.0	0.0	0.0	0.0
2014	1	commercial	VCC 24724 (NG T7 SWCVng)	2015	0.0	0.0	0.0	0.0
2015	1	commercial	VCC 24724 (NG T7 SWCVng)	2015	2.927619731861355	2.927619731861355	72240.68161608707	103539.97729571119
2016	1	commercial	VCC 24724 (NG T7 SWCVng)	2015	0.0	2.8983435345427413	61257.78558245208	87798.58642668469
2017	1	commercial	VCC 24724 (NG T7 SWCVng)	2015	0.0	2.869360099197314	54736.72972870419	78452.1910171103
2018	1	commercial	VCC 24724 (NG T7 SWCVng)	2015	0.0	2.8406664982053407	49997.20938983295	71659.20654767791
2019	1	commercial	VCC 24724 (NG T7 SWCVng)	2015	0.0	2.8122598332232873	46247.37872423545	66284.70878141836
2020	1	commercial	VCC 24724 (NG T7 SWCVng)	2015	0.0	2.7841372348910545	42944.9777402793	61551.49592612866
2010	1	commercial	VCC 24724 (NG T7 SWCVng)	2016	0.0	0.0	0.0	0.0
2011	1	commercial	VCC 24724 (NG T7 SWCVng)	2016	0.0	0.0	0.0	0.0
2012	1	commercial	VCC 24724 (NG T7 SWCVng)	2016	0.0	0.0	0.0	0.0
2013	1	commercial	VCC 24724 (NG T7 SWCVng)	2016	0.0	0.0	0.0	0.0
2014	1	commercial	VCC 24724 (NG T7 SWCVng)	2016	0.0	0.0	0.0	0.0
2015	1	commercial	VCC 24724 (NG T7 SWCVng)	2016	0.0	0.0	0.0	0.0
2016	1	commercial	VCC 24724 (NG T7 SWCVng)	2016	13.323625961123316	13.323625961123316	328768.0468041481	232274.99841075466
2017	1	commercial	VCC 24724 (NG T7 SWCVng)	2016	0.0	13.190389701512082	278784.77980757656	196961.76351749522
2018	1	commercial	VCC 24724 (NG T7 SWCVng)	2016	0.0	13.05848580449696	249107.39099871973	175994.6546228799
2019	1	commercial	VCC 24724 (NG T7 SWCVng)	2016	0.0	12.927900946451992	227537.78769846182	160755.70539715848
2020	1	commercial	VCC 24724 (NG T7 SWCVng)	2016	0.0	12.798621936987471	210472.27175653784	148698.89900486803
2010	1	commercial	VCC 24724 (NG T7 SWCVng)	2017	0.0	0.0	0.0	0.0
2011	1	commercial	VCC 24724 (NG T7 SWCVng)	2017	0.0	0.0	0.0	0.0
2012	1	commercial	VCC 24724 (NG T7 SWCVng)	2017	0.0	0.0	0.0	0.0
2013	1	commercial	VCC 24724 (NG T7 SWCVng)	2017	0.0	0.0	0.0	0.0
2014	1	commercial	VCC 24724 (NG T7 SWCVng)	2017	0.0	0.0	0.0	0.0
2015	1	commercial	VCC 24724 (NG T7 SWCVng)	2017	0.0	0.0	0.0	0.0
2016	1	commercial	VCC 24724 (NG T7 SWCVng)	2017	0.0	0.0	0.0	0.0
2017	1	commercial	VCC 24724 (NG T7 SWCVng)	2017	14.067813388196813	14.067813388196813	347131.2947344833	122896.98981701708
2018	1	commercial	VCC 24724 (NG T7 SWCVng)	2017	0.0	13.927135254314845	294356.22624397586	104212.71342577078
2019	1	commercial	VCC 24724 (NG T7 SWCVng)	2017	0.0	13.787863901771695	263021.21512687014	93118.99009805804
2020	1	commercial	VCC 24724 (NG T7 SWCVng)	2017	0.0	13.649985262753978	240246.84762579692	85056.04315745088
2010	1	commercial	VCC 24724 (NG T7 SWCVng)	2018	0.0	0.0	0.0	0.0
2011	1	commercial	VCC 24724 (NG T7 SWCVng)	2018	0.0	0.0	0.0	0.0
2012	1	commercial	VCC 24724 (NG T7 SWCVng)	2018	0.0	0.0	0.0	0.0
2013	1	commercial	VCC 24724 (NG T7 SWCVng)	2018	0.0	0.0	0.0	0.0
2014	1	commercial	VCC 24724 (NG T7 SWCVng)	2018	0.0	0.0	0.0	0.0
2015	1	commercial	VCC 24724 (NG T7 SWCVng)	2018	0.0	0.0	0.0	0.0
2016	1	commercial	VCC 24724 (NG T7 SWCVng)	2018	0.0	0.0	0.0	0.0
2017	1	commercial	VCC 24724 (NG T7 SWCVng)	2018	0.0	0.0	0.0	0.0
2018	1	commercial	VCC 24724 (NG T7 SWCVng)	2018	23.325462500359777	23.325462500359777	575569.0507541191	421527.4156423757
2019	1	commercial	VCC 24724 (NG T7 SWCVng)	2018	0.0	23.09220787535618	488064.1310441316	357441.7553501546
2020	1	commercial	VCC 24724 (NG T7 SWCVng)	2018	0.0	22.861285796602616	436108.3930348649	319391.1201706852
2010	1	commercial	VCC 24724 (NG T7 SWCVng)	2019	0.0	0.0	0.0	0.0
2011	1	commercial	VCC 24724 (NG T7 SWCVng)	2019	0.0	0.0	0.0	0.0
2012	1	commercial	VCC 24724 (NG T7 SWCVng)	2019	0.0	0.0	0.0	0.0
2013	1	commercial	VCC 24724 (NG T7 SWCVng)	2019	0.0	0.0	0.0	0.0
2014	1	commercial	VCC 24724 (NG T7 SWCVng)	2019	0.0	0.0	0.0	0.0
2015	1	commercial	VCC 24724 (NG T7 SWCVng)	2019	0.0	0.0	0.0	0.0
2016	1	commercial	VCC 24724 (NG T7 SWCVng)	2019	0.0	0.0	0.0	0.0
2017	1	commercial	VCC 24724 (NG T7 SWCVng)	2019	0.0	0.0	0.0	0.0
2018	1	commercial	VCC 24724 (NG T7 SWCVng)	2019	0.0	0.0	0.0	0.0
2019	1	commercial	VCC 24724 (NG T7 SWCVng)	2019	2.0488513913711865	2.0488513913711865	50556.57312045071	20638.841330028685
2020	1	commercial	VCC 24724 (NG T7 SWCVng)	2019	0.0	2.0283628774574747	42870.35568759738	17501.07679747593
2010	1	commercial	VCC 24724 (NG T7 SWCVng)	2020	0.0	0.0	0.0	0.0
2011	1	commercial	VCC 24724 (NG T7 SWCVng)	2020	0.0	0.0	0.0	0.0
2012	1	commercial	VCC 24724 (NG T7 SWCVng)	2020	0.0	0.0	0.0	0.0
2013	1	commercial	VCC 24724 (NG T7 SWCVng)	2020	0.0	0.0	0.0	0.0
2014	1	commercial	VCC 24724 (NG T7 SWCVng)	2020	0.0	0.0	0.0	0.0
2015	1	commercial	VCC 24724 (NG T7 SWCVng)	2020	0.0	0.0	0.0	0.0
2016	1	commercial	VCC 24724 (NG T7 SWCVng)	2020	0.0	0.0	0.0	0.0
2017	1	commercial	VCC 24724 (NG T7 SWCVng)	2020	0.0	0.0	0.0	0.0
2018	1	commercial	VCC 24724 (NG T7 SWCVng)	2020	0.0	0.0	0.0	0.0
2019	1	commercial	VCC 24724 (NG T7 SWCVng)	2020	0.0	0.0	0.0	0.0
2020	1	commercial	VCC 24724 (NG T7 SWCVng)	2020	14.60735743582676	14.60735743582676	360444.85091068404	126249.04977504293
2010	1	industrial	VCC 21400 (GAS LHD1)	2010	35.79802300084855	35.79802300084855	820861.0710664468	80340.74019715024
2011	1	industrial	VCC 21400 (GAS LHD1)	2010	0.0	35.440042770840066	772877.7502064459	75644.43329347229
2012	1	industrial	VCC 21400 (GAS LHD1)	2010	0.0	35.08564234313167	743492.949406875	72768.43304203359
2013	1	industrial	VCC 21400 (GAS LHD1)	2010	0.0	34.73478591970034	719754.625694031	70445.07460130291
2014	1	industrial	VCC 21400 (GAS LHD1)	2010	0.0	34.38743806050334	642346.76264326	62868.8778077347
2015	1	industrial	VCC 21400 (GAS LHD1)	2010	0.0	34.04356367989831	601439.6444018332	58865.14529477876
2016	1	industrial	VCC 21400 (GAS LHD1)	2010	0.0	33.703128043099326	578048.9889204523	56575.8144429341
2017	1	industrial	VCC 21400 (GAS LHD1)	2010	0.0	33.366096762668334	526772.8848377599	51557.2305416686
2018	1	industrial	VCC 21400 (GAS LHD1)	2010	0.0	33.03243579504165	505777.5769260886	49502.34130675906
2019	1	industrial	VCC 21400 (GAS LHD1)	2010	0.0	32.0414627211904	489916.5453059941	47949.96287688265
2020	1	industrial	VCC 21400 (GAS LHD1)	2010	0.0	31.080218839554682	464236.9313204047	45436.60310346937
2010	1	industrial	VCC 21400 (GAS LHD1)	2011	0.0	0.0	0.0	0.0
2011	1	industrial	VCC 21400 (GAS LHD1)	2011	23.306070451748603	23.306070451748603	534416.2707789463	52880.37586770479
2012	1	industrial	VCC 21400 (GAS LHD1)	2011	0.0	23.073009747231115	503177.04127050296	49789.26077905644
2013	1	industrial	VCC 21400 (GAS LHD1)	2011	0.0	22.842279649758805	484046.2574942825	47896.27380982403
2014	1	industrial	VCC 21400 (GAS LHD1)	2011	0.0	22.613856853261215	468591.57596494665	46367.03637288042
2015	1	industrial	VCC 21400 (GAS LHD1)	2011	0.0	22.387718284728603	418195.6893055684	41380.374150097
2016	1	industrial	VCC 21400 (GAS LHD1)	2011	0.0	22.163841101881317	391563.37556885445	38745.112393243406
2017	1	industrial	VCC 21400 (GAS LHD1)	2011	0.0	21.942202690862505	376335.04118433496	37238.27195794241
2018	1	industrial	VCC 21400 (GAS LHD1)	2011	0.0	21.72278066395388	342952.066537548	33935.03374565686
2019	1	industrial	VCC 21400 (GAS LHD1)	2011	0.0	21.50555285731434	329283.20763620676	32582.503076386634
2020	1	industrial	VCC 21400 (GAS LHD1)	2011	0.0	20.86038627159491	318956.9859795926	31560.72564865398
2010	1	industrial	VCC 21400 (GAS LHD1)	2012	0.0	0.0	0.0	0.0
2011	1	industrial	VCC 21400 (GAS LHD1)	2012	0.0	0.0	0.0	0.0
2012	1	industrial	VCC 21400 (GAS LHD1)	2012	102.61699070416937	102.61699070416937	2353043.152607713	230382.73076921792
2013	1	industrial	VCC 21400 (GAS LHD1)	2012	0.0	101.59082079712768	2215496.3391837096	216915.73997046953
2014	1	industrial	VCC 21400 (GAS LHD1)	2012	0.0	100.5749125891564	2131263.2006547474	208668.60669794198
2015	1	industrial	VCC 21400 (GAS LHD1)	2012	0.0	99.56916346326483	2063215.9974973071	202006.21273918895
2016	1	industrial	VCC 21400 (GAS LHD1)	2012	0.0	98.57347182863218	1841322.1246730366	180280.93485571296
2017	1	industrial	VCC 21400 (GAS LHD1)	2012	0.0	97.58773711034586	1724059.6330484198	168799.9498991291
2018	1	industrial	VCC 21400 (GAS LHD1)	2012	0.0	96.61185973924239	1657009.0398902334	162235.13244800858
2019	1	industrial	VCC 21400 (GAS LHD1)	2012	0.0	95.64574114184997	1510023.283278061	147843.98966128833
2020	1	industrial	VCC 21400 (GAS LHD1)	2012	0.0	94.68928373043147	1449839.084928558	141951.45005803087
2010	1	industrial	VCC 21400 (GAS LHD1)	2013	0.0	0.0	0.0	0.0
2011	1	industrial	VCC 21400 (GAS LHD1)	2013	0.0	0.0	0.0	0.0
2012	1	industrial	VCC 21400 (GAS LHD1)	2013	0.0	0.0	0.0	0.0
2013	1	industrial	VCC 21400 (GAS LHD1)	2013	110.60650148562722	110.60650148562722	2536245.403112132	248817.24752154513
2014	1	industrial	VCC 21400 (GAS LHD1)	2013	0.0	109.50043647077095	2387989.527365552	234272.6695848456
2015	1	industrial	VCC 21400 (GAS LHD1)	2013	0.0	108.40543210606323	2297198.2003356884	225365.62610132498
2016	1	industrial	VCC 21400 (GAS LHD1)	2013	0.0	107.3213777850026	2223853.0064698504	218170.1278919488
2017	1	industrial	VCC 21400 (GAS LHD1)	2013	0.0	106.24816400715257	1984683.013218508	194706.46016581965
2018	1	industrial	VCC 21400 (GAS LHD1)	2013	0.0	105.18568236708104	1858290.7475217169	182306.80214373
2019	1	industrial	VCC 21400 (GAS LHD1)	2013	0.0	104.13382554341023	1786019.757299999	175216.68821368244
2020	1	industrial	VCC 21400 (GAS LHD1)	2013	0.0	103.09248728797613	1627590.0450707772	159674.01049245935
2010	1	industrial	VCC 21400 (GAS LHD1)	2014	0.0	0.0	0.0	0.0
2011	1	industrial	VCC 21400 (GAS LHD1)	2014	0.0	0.0	0.0	0.0
2012	1	industrial	VCC 21400 (GAS LHD1)	2014	0.0	0.0	0.0	0.0
2013	1	industrial	VCC 21400 (GAS LHD1)	2014	0.0	0.0	0.0	0.0
2014	1	industrial	VCC 21400 (GAS LHD1)	2014	87.33355906978395	87.33355906978395	2002588.769675028	195819.51099219354
2015	1	industrial	VCC 21400 (GAS LHD1)	2014	0.0	86.46022347908611	1885527.7189406913	184372.908445456
2016	1	industrial	VCC 21400 (GAS LHD1)	2014	0.0	85.59562124429524	1813839.9825446801	177363.0531532573
2017	1	industrial	VCC 21400 (GAS LHD1)	2014	0.0	84.73966503185228	1755927.5024017359	171700.1863112662
2018	1	industrial	VCC 21400 (GAS LHD1)	2014	0.0	83.89226838153377	1567081.761393915	153234.24801325466
2019	1	industrial	VCC 21400 (GAS LHD1)	2014	0.0	83.05334569771843	1467283.9533633543	143475.7003460726
2020	1	industrial	VCC 21400 (GAS LHD1)	2014	0.0	82.22281224074123	1410219.6514571924	137895.77107472808
2010	1	industrial	VCC 21400 (GAS LHD1)	2015	0.0	0.0	0.0	0.0
2011	1	industrial	VCC 21400 (GAS LHD1)	2015	0.0	0.0	0.0	0.0
2012	1	industrial	VCC 21400 (GAS LHD1)	2015	0.0	0.0	0.0	0.0
2013	1	industrial	VCC 21400 (GAS LHD1)	2015	0.0	0.0	0.0	0.0
2014	1	industrial	VCC 21400 (GAS LHD1)	2015	0.0	0.0	0.0	0.0
2015	1	industrial	VCC 21400 (GAS LHD1)	2015	12.725624566839832	12.725624566839832	291802.9806192935	28393.389883893044
2016	1	industrial	VCC 21400 (GAS LHD1)	2015	0.0	12.598368321171433	274745.6775743709	26733.658188574704
2017	1	industrial	VCC 21400 (GAS LHD1)	2015	0.0	12.472384637959719	264299.8509169084	25717.244893839204
2018	1	industrial	VCC 21400 (GAS LHD1)	2015	0.0	12.34766079158012	255861.25654512979	24896.14190317944
2019	1	industrial	VCC 21400 (GAS LHD1)	2015	0.0	12.22418418366432	228343.99941385986	22218.622267823717
2020	1	industrial	VCC 21400 (GAS LHD1)	2015	0.0	12.101942341827677	213802.1732119106	20803.654743847517
2010	1	industrial	VCC 21400 (GAS LHD1)	2016	0.0	0.0	0.0	0.0
2011	1	industrial	VCC 21400 (GAS LHD1)	2016	0.0	0.0	0.0	0.0
2012	1	industrial	VCC 21400 (GAS LHD1)	2016	0.0	0.0	0.0	0.0
2013	1	industrial	VCC 21400 (GAS LHD1)	2016	0.0	0.0	0.0	0.0
2014	1	industrial	VCC 21400 (GAS LHD1)	2016	0.0	0.0	0.0	0.0
2015	1	industrial	VCC 21400 (GAS LHD1)	2016	0.0	0.0	0.0	0.0
2016	1	industrial	VCC 21400 (GAS LHD1)	2016	63.709420827683736	63.709420827683736	1460879.0942560106	139281.11168743978
2017	1	industrial	VCC 21400 (GAS LHD1)	2016	0.0	63.0723266194069	1375483.607993903	131139.4534855794
2018	1	industrial	VCC 21400 (GAS LHD1)	2016	0.0	62.44160335321283	1323187.7412631297	126153.53337517506
2019	1	industrial	VCC 21400 (GAS LHD1)	2016	0.0	61.8171873196807	1280940.8592180095	122125.68964758092
2020	1	industrial	VCC 21400 (GAS LHD1)	2016	0.0	61.19901544648389	1143178.7788272465	108991.36814168538
2010	1	industrial	VCC 21400 (GAS LHD1)	2017	0.0	0.0	0.0	0.0
2011	1	industrial	VCC 21400 (GAS LHD1)	2017	0.0	0.0	0.0	0.0
2012	1	industrial	VCC 21400 (GAS LHD1)	2017	0.0	0.0	0.0	0.0
2013	1	industrial	VCC 21400 (GAS LHD1)	2017	0.0	0.0	0.0	0.0
2014	1	industrial	VCC 21400 (GAS LHD1)	2017	0.0	0.0	0.0	0.0
2015	1	industrial	VCC 21400 (GAS LHD1)	2017	0.0	0.0	0.0	0.0
2016	1	industrial	VCC 21400 (GAS LHD1)	2017	0.0	0.0	0.0	0.0
2017	1	industrial	VCC 21400 (GAS LHD1)	2017	67.13923469682433	67.13923469682433	1539525.914671612	143760.82692902428
2018	1	industrial	VCC 21400 (GAS LHD1)	2017	0.0	66.46784234985608	1449533.1393533698	135357.30758966453
2019	1	industrial	VCC 21400 (GAS LHD1)	2017	0.0	65.80316392635753	1394421.910519446	130211.0247276904
2020	1	industrial	VCC 21400 (GAS LHD1)	2017	0.0	65.14513228709394	1349900.6561745333	126053.63297510837
2010	1	industrial	VCC 21400 (GAS LHD1)	2018	0.0	0.0	0.0	0.0
2011	1	industrial	VCC 21400 (GAS LHD1)	2018	0.0	0.0	0.0	0.0
2012	1	industrial	VCC 21400 (GAS LHD1)	2018	0.0	0.0	0.0	0.0
2013	1	industrial	VCC 21400 (GAS LHD1)	2018	0.0	0.0	0.0	0.0
2014	1	industrial	VCC 21400 (GAS LHD1)	2018	0.0	0.0	0.0	0.0
2015	1	industrial	VCC 21400 (GAS LHD1)	2018	0.0	0.0	0.0	0.0
2016	1	industrial	VCC 21400 (GAS LHD1)	2018	0.0	0.0	0.0	0.0
2017	1	industrial	VCC 21400 (GAS LHD1)	2018	0.0	0.0	0.0	0.0
2018	1	industrial	VCC 21400 (GAS LHD1)	2018	115.98216126604363	115.98216126604363	2659511.1444894373	237872.86055663766
2019	1	industrial	VCC 21400 (GAS LHD1)	2018	0.0	114.8223396533832	2504049.7868068353	223968.03525270818
2020	1	industrial	VCC 21400 (GAS LHD1)	2018	0.0	113.67411625684936	2408845.85040438	215452.77381632422
2010	1	industrial	VCC 21400 (GAS LHD1)	2019	0.0	0.0	0.0	0.0
2011	1	industrial	VCC 21400 (GAS LHD1)	2019	0.0	0.0	0.0	0.0
2012	1	industrial	VCC 21400 (GAS LHD1)	2019	0.0	0.0	0.0	0.0
2013	1	industrial	VCC 21400 (GAS LHD1)	2019	0.0	0.0	0.0	0.0
2014	1	industrial	VCC 21400 (GAS LHD1)	2019	0.0	0.0	0.0	0.0
2015	1	industrial	VCC 21400 (GAS LHD1)	2019	0.0	0.0	0.0	0.0
2016	1	industrial	VCC 21400 (GAS LHD1)	2019	0.0	0.0	0.0	0.0
2017	1	industrial	VCC 21400 (GAS LHD1)	2019	0.0	0.0	0.0	0.0
2018	1	industrial	VCC 21400 (GAS LHD1)	2019	0.0	0.0	0.0	0.0
2019	1	industrial	VCC 21400 (GAS LHD1)	2019	10.056770118080976	10.056770118080976	230605.223377875	20627.972386514797
2020	1	industrial	VCC 21400 (GAS LHD1)	2019	0.0	9.956202416900167	217125.22680432932	19422.167101550498
2010	1	industrial	VCC 21400 (GAS LHD1)	2020	0.0	0.0	0.0	0.0
2011	1	industrial	VCC 21400 (GAS LHD1)	2020	0.0	0.0	0.0	0.0
2012	1	industrial	VCC 21400 (GAS LHD1)	2020	0.0	0.0	0.0	0.0
2013	1	industrial	VCC 21400 (GAS LHD1)	2020	0.0	0.0	0.0	0.0
2014	1	industrial	VCC 21400 (GAS LHD1)	2020	0.0	0.0	0.0	0.0
2015	1	industrial	VCC 21400 (GAS LHD1)	2020	0.0	0.0	0.0	0.0
2016	1	industrial	VCC 21400 (GAS LHD1)	2020	0.0	0.0	0.0	0.0
2017	1	industrial	VCC 21400 (GAS LHD1)	2020	0.0	0.0	0.0	0.0
2018	1	industrial	VCC 21400 (GAS LHD1)	2020	0.0	0.0	0.0	0.0
2019	1	industrial	VCC 21400 (GAS LHD1)	2020	0.0	0.0	0.0	0.0
2020	1	industrial	VCC 21400 (GAS LHD1)	2020	71.78200429683824	71.78200429683824	1645986.2302731697	147248.99976439422
2010	1	industrial	VCC 22400 (DSL LHD1)	2010	417.82064295174695	417.82064295174695	9580772.113558134	478098.9127830078
2011	1	industrial	VCC 22400 (DSL LHD1)	2010	0.0	413.6424365222295	9020729.399126383	450151.7066801768
2012	1	industrial	VCC 22400 (DSL LHD1)	2010	0.0	409.50601215700715	8677761.39883221	433036.94535233325
2013	1	industrial	VCC 22400 (DSL LHD1)	2010	0.0	405.41095203543705	8400696.889541794	419210.8946862236
2014	1	industrial	VCC 22400 (DSL LHD1)	2010	0.0	401.3568425150827	7497222.328708439	374125.780444725
2015	1	industrial	VCC 22400 (DSL LHD1)	2010	0.0	397.34327408993187	7019770.307278906	350300.0084040274
2016	1	industrial	VCC 22400 (DSL LHD1)	2010	0.0	393.3698413490325	6746763.646769701	336676.4521786099
2017	1	industrial	VCC 22400 (DSL LHD1)	2010	0.0	389.43614293554225	6148288.8434158005	306811.4110921395
2018	1	industrial	VCC 22400 (DSL LHD1)	2010	0.0	385.5417815061868	5903239.750888639	294582.9911561404
2019	1	industrial	VCC 22400 (DSL LHD1)	2010	0.0	373.97552806100117	5718115.940301983	285344.9577781752
2020	1	industrial	VCC 22400 (DSL LHD1)	2010	0.0	362.7562622191711	5418393.443728434	270388.2300687626
2010	1	industrial	VCC 22400 (DSL LHD1)	2011	0.0	0.0	0.0	0.0
2011	1	industrial	VCC 22400 (DSL LHD1)	2011	219.12199770692123	219.12199770692123	5024543.331000689	250151.9800694825
2012	1	industrial	VCC 22400 (DSL LHD1)	2011	0.0	216.93077772985203	4730834.342568385	235529.380525513
2013	1	industrial	VCC 22400 (DSL LHD1)	2011	0.0	214.76146995255348	4550968.089807183	226574.55691034242
2014	1	industrial	VCC 22400 (DSL LHD1)	2011	0.0	212.61385525302794	4405664.285905816	219340.45982667457
2015	1	industrial	VCC 22400 (DSL LHD1)	2011	0.0	210.48771670049769	3931845.785104622	195750.9257415209
2016	1	industrial	VCC 22400 (DSL LHD1)	2011	0.0	208.3828395334927	3681450.6873283507	183284.75212491263
2017	1	industrial	VCC 22400 (DSL LHD1)	2011	0.0	206.29901113815777	3538274.9829987283	176156.6046343894
2018	1	industrial	VCC 22400 (DSL LHD1)	2011	0.0	204.2360210267762	3224410.6570005785	160530.55119044907
2019	1	industrial	VCC 22400 (DSL LHD1)	2011	0.0	202.1936608165084	3095897.0289723407	154132.37002265445
2020	1	industrial	VCC 22400 (DSL LHD1)	2011	0.0	196.12785099201315	2998810.635843721	149298.82558308615
2010	1	industrial	VCC 22400 (DSL LHD1)	2012	0.0	0.0	0.0	0.0
2011	1	industrial	VCC 22400 (DSL LHD1)	2012	0.0	0.0	0.0	0.0
2012	1	industrial	VCC 22400 (DSL LHD1)	2012	670.3417564491069	670.3417564491069	1.5371168742093213e7	766337.5651684939
2013	1	industrial	VCC 22400 (DSL LHD1)	2012	0.0	663.6383388846159	1.447264919019529e7	721541.4083367673
2014	1	industrial	VCC 22400 (DSL LHD1)	2012	0.0	657.0019554957697	1.3922399278896425e7	694108.4145069482
2015	1	industrial	VCC 22400 (DSL LHD1)	2012	0.0	650.431935940812	1.3477883401233347e7	671946.8455929197
2016	1	industrial	VCC 22400 (DSL LHD1)	2012	0.0	643.9276165814039	1.2028369754091553e7	599680.5932560218
2017	1	industrial	VCC 22400 (DSL LHD1)	2012	0.0	637.4883404155897	1.1262356795985477e7	561490.6211691897
2018	1	industrial	VCC 22400 (DSL LHD1)	2012	0.0	631.1134570114339	1.0824351236865267e7	539653.6275522205
2019	1	industrial	VCC 22400 (DSL LHD1)	2012	0.0	624.8023224413196	9864172.13217436	491783.40183545486
2020	1	industrial	VCC 22400 (DSL LHD1)	2012	0.0	618.5542992169063	9471021.04720059	472182.651218679
2010	1	industrial	VCC 22400 (DSL LHD1)	2013	0.0	0.0	0.0	0.0
2011	1	industrial	VCC 22400 (DSL LHD1)	2013	0.0	0.0	0.0	0.0
2012	1	industrial	VCC 22400 (DSL LHD1)	2013	0.0	0.0	0.0	0.0
2013	1	industrial	VCC 22400 (DSL LHD1)	2013	491.0450409864979	491.0450409864979	1.1259832932016648e7	545570.6538807987
2014	1	industrial	VCC 22400 (DSL LHD1)	2013	0.0	486.1345905766329	1.060164094868257e7	513679.3964443211
2015	1	industrial	VCC 22400 (DSL LHD1)	2013	0.0	481.2732446708666	1.0198566714313164e7	494149.3132774446
2016	1	industrial	VCC 22400 (DSL LHD1)	2013	0.0	476.46051222415787	9872945.767585244	478372.0602847735
2017	1	industrial	VCC 22400 (DSL LHD1)	2013	0.0	471.6959071019163	8811134.413267098	426924.306275367
2018	1	industrial	VCC 22400 (DSL LHD1)	2013	0.0	466.97894803089713	8250007.404855914	399736.1205591659
2019	1	industrial	VCC 22400 (DSL LHD1)	2013	0.0	462.30915855058817	7929155.457828464	384189.9390486963
2020	1	industrial	VCC 22400 (DSL LHD1)	2013	0.0	457.68606696508226	7225796.03961934	350110.19203802344
2010	1	industrial	VCC 22400 (DSL LHD1)	2014	0.0	0.0	0.0	0.0
2011	1	industrial	VCC 22400 (DSL LHD1)	2014	0.0	0.0	0.0	0.0
2012	1	industrial	VCC 22400 (DSL LHD1)	2014	0.0	0.0	0.0	0.0
2013	1	industrial	VCC 22400 (DSL LHD1)	2014	0.0	0.0	0.0	0.0
2014	1	industrial	VCC 22400 (DSL LHD1)	2014	387.7233927814763	387.7233927814763	8890631.738757618	425738.96189199516
2015	1	industrial	VCC 22400 (DSL LHD1)	2014	0.0	383.84615885366156	8370931.084888527	400852.4495074729
2016	1	industrial	VCC 22400 (DSL LHD1)	2014	0.0	380.00769726512493	8052668.407032058	385612.04521888925
2017	1	industrial	VCC 22400 (DSL LHD1)	2014	0.0	376.2076202924737	7795561.934736908	373300.18191974127
2018	1	industrial	VCC 22400 (DSL LHD1)	2014	0.0	372.44554408954895	6957168.169547768	333152.6534047177
2019	1	industrial	VCC 22400 (DSL LHD1)	2014	0.0	368.72108864865345	6514108.879008091	311936.20805487066
2020	1	industrial	VCC 22400 (DSL LHD1)	2014	0.0	365.03387776216687	6260767.952823182	299804.66261603194
2010	1	industrial	VCC 22400 (DSL LHD1)	2015	0.0	0.0	0.0	0.0
2011	1	industrial	VCC 22400 (DSL LHD1)	2015	0.0	0.0	0.0	0.0
2012	1	industrial	VCC 22400 (DSL LHD1)	2015	0.0	0.0	0.0	0.0
2013	1	industrial	VCC 22400 (DSL LHD1)	2015	0.0	0.0	0.0	0.0
2014	1	industrial	VCC 22400 (DSL LHD1)	2015	0.0	0.0	0.0	0.0
2015	1	industrial	VCC 22400 (DSL LHD1)	2015	56.49631467601419	56.49631467601419	1295480.0709290775	61577.56269878385
2016	1	industrial	VCC 22400 (DSL LHD1)	2015	0.0	55.931351529254044	1219752.9617967517	57978.054751703494
2017	1	industrial	VCC 22400 (DSL LHD1)	2015	0.0	55.3720380139615	1173377.971964905	55773.729954967705
2018	1	industrial	VCC 22400 (DSL LHD1)	2015	0.0	54.818317633821884	1135914.2325195696	53992.98024187363
2019	1	industrial	VCC 22400 (DSL LHD1)	2015	0.0	54.270134457483664	1013749.4138308249	48186.166265185624
2020	1	industrial	VCC 22400 (DSL LHD1)	2015	0.0	53.72743311290883	949189.9429180936	45117.48542853024
2010	1	industrial	VCC 22400 (DSL LHD1)	2016	0.0	0.0	0.0	0.0
2011	1	industrial	VCC 22400 (DSL LHD1)	2016	0.0	0.0	0.0	0.0
2012	1	industrial	VCC 22400 (DSL LHD1)	2016	0.0	0.0	0.0	0.0
2013	1	industrial	VCC 22400 (DSL LHD1)	2016	0.0	0.0	0.0	0.0
2014	1	industrial	VCC 22400 (DSL LHD1)	2016	0.0	0.0	0.0	0.0
2015	1	industrial	VCC 22400 (DSL LHD1)	2016	0.0	0.0	0.0	0.0
2016	1	industrial	VCC 22400 (DSL LHD1)	2016	282.8426303398834	282.8426303398834	6485679.515836513	298681.9618887923
2017	1	industrial	VCC 22400 (DSL LHD1)	2016	0.0	280.01420403648456	6106560.012947665	281222.54894113605
2018	1	industrial	VCC 22400 (DSL LHD1)	2016	0.0	277.2140619961197	5874388.690247325	270530.47172869777
2019	1	industrial	VCC 22400 (DSL LHD1)	2016	0.0	274.44192137615846	5686830.569547719	261892.94541831737
2020	1	industrial	VCC 22400 (DSL LHD1)	2016	0.0	271.6975021623969	5075225.744506109	233726.99478846748
2010	1	industrial	VCC 22400 (DSL LHD1)	2017	0.0	0.0	0.0	0.0
2011	1	industrial	VCC 22400 (DSL LHD1)	2017	0.0	0.0	0.0	0.0
2012	1	industrial	VCC 22400 (DSL LHD1)	2017	0.0	0.0	0.0	0.0
2013	1	industrial	VCC 22400 (DSL LHD1)	2017	0.0	0.0	0.0	0.0
2014	1	industrial	VCC 22400 (DSL LHD1)	2017	0.0	0.0	0.0	0.0
2015	1	industrial	VCC 22400 (DSL LHD1)	2017	0.0	0.0	0.0	0.0
2016	1	industrial	VCC 22400 (DSL LHD1)	2017	0.0	0.0	0.0	0.0
2017	1	industrial	VCC 22400 (DSL LHD1)	2017	298.0696349685061	298.0696349685061	6834840.007975665	304652.3975415491
2018	1	industrial	VCC 22400 (DSL LHD1)	2017	0.0	295.08893861882103	6435310.376605292	286843.98360006086
2019	1	industrial	VCC 22400 (DSL LHD1)	2017	0.0	292.1380492326328	6190639.969869623	275938.1795238123
2020	1	industrial	VCC 22400 (DSL LHD1)	2017	0.0	289.21666874030643	5992984.543934959	267127.9953310844
2010	1	industrial	VCC 22400 (DSL LHD1)	2018	0.0	0.0	0.0	0.0
2011	1	industrial	VCC 22400 (DSL LHD1)	2018	0.0	0.0	0.0	0.0
2012	1	industrial	VCC 22400 (DSL LHD1)	2018	0.0	0.0	0.0	0.0
2013	1	industrial	VCC 22400 (DSL LHD1)	2018	0.0	0.0	0.0	0.0
2014	1	industrial	VCC 22400 (DSL LHD1)	2018	0.0	0.0	0.0	0.0
2015	1	industrial	VCC 22400 (DSL LHD1)	2018	0.0	0.0	0.0	0.0
2016	1	industrial	VCC 22400 (DSL LHD1)	2018	0.0	0.0	0.0	0.0
2017	1	industrial	VCC 22400 (DSL LHD1)	2018	0.0	0.0	0.0	0.0
2018	1	industrial	VCC 22400 (DSL LHD1)	2018	514.9114769724874	514.9114769724874	1.1807098578656793e7	491491.0298183591
2019	1	industrial	VCC 22400 (DSL LHD1)	2018	0.0	509.7623622027626	1.1116916257317927e7	462760.9893585923
2020	1	industrial	VCC 22400 (DSL LHD1)	2018	0.0	504.66473858073493	1.0694251263223397e7	445166.82328707265
2010	1	industrial	VCC 22400 (DSL LHD1)	2019	0.0	0.0	0.0	0.0
2011	1	industrial	VCC 22400 (DSL LHD1)	2019	0.0	0.0	0.0	0.0
2012	1	industrial	VCC 22400 (DSL LHD1)	2019	0.0	0.0	0.0	0.0
2013	1	industrial	VCC 22400 (DSL LHD1)	2019	0.0	0.0	0.0	0.0
2014	1	industrial	VCC 22400 (DSL LHD1)	2019	0.0	0.0	0.0	0.0
2015	1	industrial	VCC 22400 (DSL LHD1)	2019	0.0	0.0	0.0	0.0
2016	1	industrial	VCC 22400 (DSL LHD1)	2019	0.0	0.0	0.0	0.0
2017	1	industrial	VCC 22400 (DSL LHD1)	2019	0.0	0.0	0.0	0.0
2018	1	industrial	VCC 22400 (DSL LHD1)	2019	0.0	0.0	0.0	0.0
2019	1	industrial	VCC 22400 (DSL LHD1)	2019	44.64778589760329	44.64778589760329	1023789.2006433791	42608.553591277516
2020	1	industrial	VCC 22400 (DSL LHD1)	2019	0.0	44.20130803862726	963943.7439162706	40117.87645915986
2010	1	industrial	VCC 22400 (DSL LHD1)	2020	0.0	0.0	0.0	0.0
2011	1	industrial	VCC 22400 (DSL LHD1)	2020	0.0	0.0	0.0	0.0
2012	1	industrial	VCC 22400 (DSL LHD1)	2020	0.0	0.0	0.0	0.0
2013	1	industrial	VCC 22400 (DSL LHD1)	2020	0.0	0.0	0.0	0.0
2014	1	industrial	VCC 22400 (DSL LHD1)	2020	0.0	0.0	0.0	0.0
2015	1	industrial	VCC 22400 (DSL LHD1)	2020	0.0	0.0	0.0	0.0
2016	1	industrial	VCC 22400 (DSL LHD1)	2020	0.0	0.0	0.0	0.0
2017	1	industrial	VCC 22400 (DSL LHD1)	2020	0.0	0.0	0.0	0.0
2018	1	industrial	VCC 22400 (DSL LHD1)	2020	0.0	0.0	0.0	0.0
2019	1	industrial	VCC 22400 (DSL LHD1)	2020	0.0	0.0	0.0	0.0
2020	1	industrial	VCC 22400 (DSL LHD1)	2020	318.68161669607343	318.68161669607343	7307479.890834332	304063.7659657679
2010	2	agricultural	VCC 22601 (DSL T6 Ag)	2010	6.488966893875564e-2	6.488966893875564e-2	463.57043721192707	51.18205650822429
2011	2	agricultural	VCC 22601 (DSL T6 Ag)	2010	0.0	6.424077224936808e-2	422.98621166597417	46.701218304372496
2012	2	agricultural	VCC 22601 (DSL T6 Ag)	2010	0.0	6.35983645268744e-2	415.04728021043417	45.82469382016211
2013	2	agricultural	VCC 22601 (DSL T6 Ag)	2010	0.0	6.296238088160565e-2	377.7092476686785	41.702262495697816
2014	2	agricultural	VCC 22601 (DSL T6 Ag)	2010	0.0	6.2332757072789596e-2	341.1032574300992	37.66065476894378
2015	2	agricultural	VCC 22601 (DSL T6 Ag)	2010	0.0	6.17094295020617e-2	314.6621684498585	34.741337224742864
2016	2	agricultural	VCC 22601 (DSL T6 Ag)	2010	0.0	6.109233520704108e-2	291.3110583864116	32.16317921711582
2017	2	agricultural	VCC 22601 (DSL T6 Ag)	2010	0.0	6.0481411854970676e-2	278.286567630672	30.7251664183265
2018	2	agricultural	VCC 22601 (DSL T6 Ag)	2010	0.0	5.987659773642096e-2	273.18611207533655	30.162033432493924
2019	2	agricultural	VCC 22601 (DSL T6 Ag)	2010	0.0	5.8080299804328335e-2	258.14990882972444	28.501910736114475
2020	2	agricultural	VCC 22601 (DSL T6 Ag)	2010	0.0	5.633789081019848e-2	225.37280380872505	24.883043986434625
2010	2	agricultural	VCC 22601 (DSL T6 Ag)	2011	0.0	0.0	0.0	0.0
2011	2	agricultural	VCC 22601 (DSL T6 Ag)	2011	0.5335735580486951	0.5335735580486951	3811.838334740323	429.59158974545267
2012	2	agricultural	VCC 22601 (DSL T6 Ag)	2011	0.0	0.5282378224682082	3478.123122760385	391.98211215293856
2013	2	agricultural	VCC 22601 (DSL T6 Ag)	2011	0.0	0.522955444243526	3412.8430254334094	384.6250895494751
2014	2	agricultural	VCC 22601 (DSL T6 Ag)	2011	0.0	0.5177258898010908	3105.820548671416	350.0238650752592
2015	2	agricultural	VCC 22601 (DSL T6 Ag)	2011	0.0	0.5125486309030799	2804.817495690374	316.1010255702702
2016	2	agricultural	VCC 22601 (DSL T6 Ag)	2011	0.0	0.507423144594049	2587.398202964672	291.5980190413406
2017	2	agricultural	VCC 22601 (DSL T6 Ag)	2011	0.0	0.5023489131481086	2395.3871311760395	269.9585017442289
2018	2	agricultural	VCC 22601 (DSL T6 Ag)	2011	0.0	0.4973254240166275	2288.289591799294	257.88868184148726
2019	2	agricultural	VCC 22601 (DSL T6 Ag)	2011	0.0	0.4923521697764612	2246.3496611009555	253.16208015476047
2020	2	agricultural	VCC 22601 (DSL T6 Ag)	2011	0.0	0.47758160468316735	2122.7102498276936	239.22800253137385
2010	2	agricultural	VCC 22601 (DSL T6 Ag)	2012	0.0	0.0	0.0	0.0
2011	2	agricultural	VCC 22601 (DSL T6 Ag)	2012	0.0	0.0	0.0	0.0
2012	2	agricultural	VCC 22601 (DSL T6 Ag)	2012	2.724357020510997e-2	2.724357020510997e-2	194.62749552808623	22.856209047276767
2013	2	agricultural	VCC 22601 (DSL T6 Ag)	2012	0.0	2.697113450305887e-2	177.5884318995642	20.855215306866903
2014	2	agricultural	VCC 22601 (DSL T6 Ag)	2012	0.0	2.670142315802828e-2	174.2553152417077	20.46378854106374
2015	2	agricultural	VCC 22601 (DSL T6 Ag)	2012	0.0	2.6434408926447994e-2	158.5791478716433	18.622847426869594
2016	2	agricultural	VCC 22601 (DSL T6 Ag)	2012	0.0	2.6170064837183517e-2	143.21032443175864	16.817999450998684
2017	2	agricultural	VCC 22601 (DSL T6 Ag)	2012	0.0	2.590836418881168e-2	132.1091788146862	15.514329051296846
2018	2	agricultural	VCC 22601 (DSL T6 Ag)	2012	0.0	2.5649280546923562e-2	122.30534383162914	14.363009186496853
2019	2	agricultural	VCC 22601 (DSL T6 Ag)	2012	0.0	2.539278774145433e-2	116.83708310395154	13.720840360464887
2020	2	agricultural	VCC 22601 (DSL T6 Ag)	2012	0.0	2.5138859864039784e-2	114.6956849234342	13.469363844597686
2010	2	commercial	VCC 21400 (GAS LHD1)	2010	4.8566191759292545	4.8566191759292545	119839.83978541638	11729.172904934701
2011	2	commercial	VCC 21400 (GAS LHD1)	2010	0.0	4.8080529841699615	101620.34805850546	9945.963171947633
2012	2	commercial	VCC 21400 (GAS LHD1)	2010	0.0	4.759972454328262	90802.58898892782	8887.188670928626
2013	2	commercial	VCC 21400 (GAS LHD1)	2010	0.0	4.712372729784979	82940.21358820112	8117.668612459298
2014	2	commercial	VCC 21400 (GAS LHD1)	2010	0.0	4.66524900248713	76719.63127731143	7508.8369783011685
2015	2	commercial	VCC 21400 (GAS LHD1)	2010	0.0	4.6185965124622586	71241.28865967512	6972.651116322501
2016	2	commercial	VCC 21400 (GAS LHD1)	2010	0.0	4.572410547337635	66802.11774186064	6538.17287150145
2017	2	commercial	VCC 21400 (GAS LHD1)	2010	0.0	4.52668644186426	62966.56945484246	6162.773429010397
2018	2	commercial	VCC 21400 (GAS LHD1)	2010	0.0	4.4814195774456165	59638.39132801516	5837.032199900964
2019	2	commercial	VCC 21400 (GAS LHD1)	2010	0.0	4.346976990122248	55514.76597318703	5433.4375783747955
2020	2	commercial	VCC 21400 (GAS LHD1)	2010	0.0	4.21656768041858	51805.43790648593	5070.391780471794
2010	2	commercial	VCC 21400 (GAS LHD1)	2011	0.0	0.0	0.0	0.0
2011	2	commercial	VCC 21400 (GAS LHD1)	2011	321.19323790628533	321.19323790628533	7925625.785448462	784238.9789337955
2012	2	commercial	VCC 21400 (GAS LHD1)	2011	0.0	317.9813055272225	6720676.966365158	665009.5506052028
2013	2	commercial	VCC 21400 (GAS LHD1)	2011	0.0	314.80149247195027	6005242.847159606	594217.4972924796
2014	2	commercial	VCC 21400 (GAS LHD1)	2011	0.0	311.65347754723075	5485263.47033088	542765.6489981159
2015	2	commercial	VCC 21400 (GAS LHD1)	2011	0.0	308.53694277175845	5073864.325839604	502057.79150597483
2016	2	commercial	VCC 21400 (GAS LHD1)	2011	0.0	305.4515733440408	4711553.314830196	466207.19433897623
2017	2	commercial	VCC 21400 (GAS LHD1)	2011	0.0	302.3970576106004	4417968.080109908	437156.99805923237
2018	2	commercial	VCC 21400 (GAS LHD1)	2011	0.0	299.3730870344944	4164303.518647239	412056.9438731746
2019	2	commercial	VCC 21400 (GAS LHD1)	2011	0.0	296.37935616414944	3944193.9588566064	390277.1499368141
2020	2	commercial	VCC 21400 (GAS LHD1)	2011	0.0	287.487975479225	3671477.3772901143	363291.90243008756
2010	2	commercial	VCC 21400 (GAS LHD1)	2012	0.0	0.0	0.0	0.0
2011	2	commercial	VCC 21400 (GAS LHD1)	2012	0.0	0.0	0.0	0.0
2012	2	commercial	VCC 21400 (GAS LHD1)	2012	386.56485202155386	386.56485202155386	9538707.536003647	933919.757365284
2013	2	commercial	VCC 21400 (GAS LHD1)	2012	0.0	382.69920350133833	8088518.65600491	791934.0594255737
2014	2	commercial	VCC 21400 (GAS LHD1)	2012	0.0	378.8722114663249	7227474.114019387	707630.5511466388
2015	2	commercial	VCC 21400 (GAS LHD1)	2012	0.0	375.0834893516617	6601664.703558811	646358.5422745524
2016	2	commercial	VCC 21400 (GAS LHD1)	2012	0.0	371.33265445814504	6106534.574267406	597881.1349877992
2017	2	commercial	VCC 21400 (GAS LHD1)	2012	0.0	367.6193279135636	5670483.357032578	555188.050472766
2018	2	commercial	VCC 21400 (GAS LHD1)	2012	0.0	363.94313463442796	5317145.492402706	520593.29939589737
2019	2	commercial	VCC 21400 (GAS LHD1)	2012	0.0	360.3037032880837	5011853.250560618	490702.6192014902
2020	2	commercial	VCC 21400 (GAS LHD1)	2012	0.0	356.7006662552028	4746945.3715416305	464765.90805233835
2010	2	commercial	VCC 21400 (GAS LHD1)	2013	0.0	0.0	0.0	0.0
2011	2	commercial	VCC 21400 (GAS LHD1)	2013	0.0	0.0	0.0	0.0
2012	2	commercial	VCC 21400 (GAS LHD1)	2013	0.0	0.0	0.0	0.0
2013	2	commercial	VCC 21400 (GAS LHD1)	2013	62.494859372603315	62.494859372603315	1542096.191470872	151286.673326018
2014	2	commercial	VCC 21400 (GAS LHD1)	2013	0.0	61.86991077887728	1307648.2077877074	128286.25628615239
2015	2	commercial	VCC 21400 (GAS LHD1)	2013	0.0	61.251211671088505	1168445.5428699653	114629.83964366348
2016	2	commercial	VCC 21400 (GAS LHD1)	2013	0.0	60.63869955437762	1067272.6843023559	104704.32054295277
2017	2	commercial	VCC 21400 (GAS LHD1)	2013	0.0	60.032312558833844	987226.3799387097	96851.41281501959
2018	2	commercial	VCC 21400 (GAS LHD1)	2013	0.0	59.431989433245505	916731.1981914989	89935.5137997473
2019	2	commercial	VCC 21400 (GAS LHD1)	2013	0.0	58.83766953891305	859608.0530178435	84331.47259204632
2020	2	commercial	VCC 21400 (GAS LHD1)	2013	0.0	58.24929284352392	810252.3094170149	79489.44892309526
2010	2	commercial	VCC 21400 (GAS LHD1)	2014	0.0	0.0	0.0	0.0
2011	2	commercial	VCC 21400 (GAS LHD1)	2014	0.0	0.0	0.0	0.0
2012	2	commercial	VCC 21400 (GAS LHD1)	2014	0.0	0.0	0.0	0.0
2013	2	commercial	VCC 21400 (GAS LHD1)	2014	0.0	0.0	0.0	0.0
2014	2	commercial	VCC 21400 (GAS LHD1)	2014	189.84912140053498	189.84912140053498	4684635.024464103	458078.5399172722
2015	2	commercial	VCC 21400 (GAS LHD1)	2014	0.0	187.95063018652962	3972420.545333871	388435.9387318707
2016	2	commercial	VCC 21400 (GAS LHD1)	2014	0.0	186.07112388466433	3549545.705762158	347085.8894607601
2017	2	commercial	VCC 21400 (GAS LHD1)	2014	0.0	184.21041264581768	3242199.173559839	317032.5662061954
2018	2	commercial	VCC 21400 (GAS LHD1)	2014	0.0	182.36830851935952	2999031.644144451	293254.8703455379
2019	2	commercial	VCC 21400 (GAS LHD1)	2014	0.0	180.5446254341659	2784878.856986631	272314.3284360451
2020	2	commercial	VCC 21400 (GAS LHD1)	2014	0.0	178.73917917982425	2611348.121311309	255345.94015951865
2010	2	commercial	VCC 21400 (GAS LHD1)	2015	0.0	0.0	0.0	0.0
2011	2	commercial	VCC 21400 (GAS LHD1)	2015	0.0	0.0	0.0	0.0
2012	2	commercial	VCC 21400 (GAS LHD1)	2015	0.0	0.0	0.0	0.0
2013	2	commercial	VCC 21400 (GAS LHD1)	2015	0.0	0.0	0.0	0.0
2014	2	commercial	VCC 21400 (GAS LHD1)	2015	0.0	0.0	0.0	0.0
2015	2	commercial	VCC 21400 (GAS LHD1)	2015	244.22072159227451	244.22072159227451	6026285.176518293	586377.3708043331
2016	2	commercial	VCC 21400 (GAS LHD1)	2015	0.0	241.77851437635178	5110096.927984418	497229.240471824
2017	2	commercial	VCC 21400 (GAS LHD1)	2015	0.0	239.36072923258826	4566113.380936357	444297.8519404985
2018	2	commercial	VCC 21400 (GAS LHD1)	2015	0.0	236.96712194026236	4170744.7254503267	405827.18121855863
2019	2	commercial	VCC 21400 (GAS LHD1)	2015	0.0	234.59745072085974	3857935.5374828684	375389.81826094125
2020	2	commercial	VCC 21400 (GAS LHD1)	2015	0.0	232.25147621365113	3582450.7323657656	348584.2405311399
2010	2	commercial	VCC 21400 (GAS LHD1)	2016	0.0	0.0	0.0	0.0
2011	2	commercial	VCC 21400 (GAS LHD1)	2016	0.0	0.0	0.0	0.0
2012	2	commercial	VCC 21400 (GAS LHD1)	2016	0.0	0.0	0.0	0.0
2013	2	commercial	VCC 21400 (GAS LHD1)	2016	0.0	0.0	0.0	0.0
2014	2	commercial	VCC 21400 (GAS LHD1)	2016	0.0	0.0	0.0	0.0
2015	2	commercial	VCC 21400 (GAS LHD1)	2016	0.0	0.0	0.0	0.0
2016	2	commercial	VCC 21400 (GAS LHD1)	2016	167.41273011985734	167.41273011985734	4131004.3116082083	393852.4927686916
2017	2	commercial	VCC 21400 (GAS LHD1)	2016	0.0	165.73860281865876	3502959.4225800927	333974.30662899645
2018	2	commercial	VCC 21400 (GAS LHD1)	2016	0.0	164.08121679047218	3130059.9808052853	298421.8444148174
2019	2	commercial	VCC 21400 (GAS LHD1)	2016	0.0	162.44040462256746	2859035.697578258	272582.22249773034
2020	2	commercial	VCC 21400 (GAS LHD1)	2016	0.0	160.81600057634176	2644605.7351132524	252138.33794311428
2010	2	commercial	VCC 21400 (GAS LHD1)	2017	0.0	0.0	0.0	0.0
2011	2	commercial	VCC 21400 (GAS LHD1)	2017	0.0	0.0	0.0	0.0
2012	2	commercial	VCC 21400 (GAS LHD1)	2017	0.0	0.0	0.0	0.0
2013	2	commercial	VCC 21400 (GAS LHD1)	2017	0.0	0.0	0.0	0.0
2014	2	commercial	VCC 21400 (GAS LHD1)	2017	0.0	0.0	0.0	0.0
2015	2	commercial	VCC 21400 (GAS LHD1)	2017	0.0	0.0	0.0	0.0
2016	2	commercial	VCC 21400 (GAS LHD1)	2017	0.0	0.0	0.0	0.0
2017	2	commercial	VCC 21400 (GAS LHD1)	2017	121.41901680702601	121.41901680702601	2996083.282208894	279774.05647663306
2018	2	commercial	VCC 21400 (GAS LHD1)	2017	0.0	120.20482663895575	2540582.7185308724	237239.44431003183
2019	2	commercial	VCC 21400 (GAS LHD1)	2017	0.0	119.00277837256618	2270130.8624756583	211984.6680828448
2020	2	commercial	VCC 21400 (GAS LHD1)	2017	0.0	117.81275058884052	2073565.7507503144	193629.43109869884
2010	2	commercial	VCC 21400 (GAS LHD1)	2018	0.0	0.0	0.0	0.0
2011	2	commercial	VCC 21400 (GAS LHD1)	2018	0.0	0.0	0.0	0.0
2012	2	commercial	VCC 21400 (GAS LHD1)	2018	0.0	0.0	0.0	0.0
2013	2	commercial	VCC 21400 (GAS LHD1)	2018	0.0	0.0	0.0	0.0
2014	2	commercial	VCC 21400 (GAS LHD1)	2018	0.0	0.0	0.0	0.0
2015	2	commercial	VCC 21400 (GAS LHD1)	2018	0.0	0.0	0.0	0.0
2016	2	commercial	VCC 21400 (GAS LHD1)	2018	0.0	0.0	0.0	0.0
2017	2	commercial	VCC 21400 (GAS LHD1)	2018	0.0	0.0	0.0	0.0
2018	2	commercial	VCC 21400 (GAS LHD1)	2018	149.6167217796841	149.6167217796841	3691877.686470211	330210.1244905607
2019	2	commercial	VCC 21400 (GAS LHD1)	2018	0.0	148.12055456188725	3130594.1009292654	280007.6155246723
2020	2	commercial	VCC 21400 (GAS LHD1)	2018	0.0	146.63934901626837	2797333.948061098	250200.05256839373
2010	2	commercial	VCC 21400 (GAS LHD1)	2019	0.0	0.0	0.0	0.0
2011	2	commercial	VCC 21400 (GAS LHD1)	2019	0.0	0.0	0.0	0.0
2012	2	commercial	VCC 21400 (GAS LHD1)	2019	0.0	0.0	0.0	0.0
2013	2	commercial	VCC 21400 (GAS LHD1)	2019	0.0	0.0	0.0	0.0
2014	2	commercial	VCC 21400 (GAS LHD1)	2019	0.0	0.0	0.0	0.0
2015	2	commercial	VCC 21400 (GAS LHD1)	2019	0.0	0.0	0.0	0.0
2016	2	commercial	VCC 21400 (GAS LHD1)	2019	0.0	0.0	0.0	0.0
2017	2	commercial	VCC 21400 (GAS LHD1)	2019	0.0	0.0	0.0	0.0
2018	2	commercial	VCC 21400 (GAS LHD1)	2019	0.0	0.0	0.0	0.0
2019	2	commercial	VCC 21400 (GAS LHD1)	2019	127.51347525338446	127.51347525338446	3146467.509864695	281456.09174775577
2020	2	commercial	VCC 21400 (GAS LHD1)	2019	0.0	126.23834050085061	2668103.7297760136	238665.75637790706
2010	2	commercial	VCC 21400 (GAS LHD1)	2020	0.0	0.0	0.0	0.0
2011	2	commercial	VCC 21400 (GAS LHD1)	2020	0.0	0.0	0.0	0.0
2012	2	commercial	VCC 21400 (GAS LHD1)	2020	0.0	0.0	0.0	0.0
2013	2	commercial	VCC 21400 (GAS LHD1)	2020	0.0	0.0	0.0	0.0
2014	2	commercial	VCC 21400 (GAS LHD1)	2020	0.0	0.0	0.0	0.0
2015	2	commercial	VCC 21400 (GAS LHD1)	2020	0.0	0.0	0.0	0.0
2016	2	commercial	VCC 21400 (GAS LHD1)	2020	0.0	0.0	0.0	0.0
2017	2	commercial	VCC 21400 (GAS LHD1)	2020	0.0	0.0	0.0	0.0
2018	2	commercial	VCC 21400 (GAS LHD1)	2020	0.0	0.0	0.0	0.0
2019	2	commercial	VCC 21400 (GAS LHD1)	2020	0.0	0.0	0.0	0.0
2020	2	commercial	VCC 21400 (GAS LHD1)	2020	154.33225677048276	154.33225677048276	3808236.1937628295	340682.66191089357
2010	2	commercial	VCC 24724 (NG T7 SWCVng)	2010	0.6246964879863405	0.6246964879863405	15414.741062226916	17926.595257558005
2011	2	commercial	VCC 24724 (NG T7 SWCVng)	2010	0.0	0.618449523106477	13071.206994102318	15201.17894715916
2012	2	commercial	VCC 24724 (NG T7 SWCVng)	2010	0.0	0.6122650278754123	11679.741891765047	13582.972607920583
2013	2	commercial	VCC 24724 (NG T7 SWCVng)	2010	0.0	0.6061423775966581	10668.421439791502	12406.8560358008
2014	2	commercial	VCC 24724 (NG T7 SWCVng)	2010	0.0	0.6000809538206916	9868.28130483863	11476.331916665466
2015	2	commercial	VCC 24724 (NG T7 SWCVng)	2010	0.0	0.5940801442824847	9163.613866595751	10656.837907290559
2016	2	commercial	VCC 24724 (NG T7 SWCVng)	2010	0.0	0.5881393428396597	8592.612850976859	9992.79145608305
2017	2	commercial	VCC 24724 (NG T7 SWCVng)	2010	0.0	0.5822579494112632	8099.254517204716	9419.039673242612
2018	2	commercial	VCC 24724 (NG T7 SWCVng)	2010	0.0	0.5764353699171505	7671.15811682674	8921.184349574607
2019	2	commercial	VCC 24724 (NG T7 SWCVng)	2010	0.0	0.559142308819636	7140.745048884332	8304.339710411432
2020	2	commercial	VCC 24724 (NG T7 SWCVng)	2010	0.0	0.5423680395550469	6663.622150811114	7749.468950835011
2010	2	commercial	VCC 24724 (NG T7 SWCVng)	2011	0.0	0.0	0.0	0.0
2011	2	commercial	VCC 24724 (NG T7 SWCVng)	2011	24.020102785516077	24.020102785516077	592709.6947836562	373118.93913308776
2012	2	commercial	VCC 24724 (NG T7 SWCVng)	2011	0.0	23.779901757660916	502598.8485082688	316392.9168281386
2013	2	commercial	VCC 24724 (NG T7 SWCVng)	2011	0.0	23.542102740084307	449095.85077518295	282712.0407933782
2014	2	commercial	VCC 24724 (NG T7 SWCVng)	2011	0.0	23.306681712683464	410209.7330001294	258232.6925746381
2015	2	commercial	VCC 24724 (NG T7 SWCVng)	2011	0.0	23.073614895556627	379443.6751560441	238865.03423342877
2016	2	commercial	VCC 24724 (NG T7 SWCVng)	2011	0.0	22.84287874660106	352348.62240369	221808.324299903
2017	2	commercial	VCC 24724 (NG T7 SWCVng)	2011	0.0	22.61444995913505	330393.15546964225	207987.05462488334
2018	2	commercial	VCC 24724 (NG T7 SWCVng)	2011	0.0	22.3883054595437	311423.1146334963	196045.15191199174
2019	2	commercial	VCC 24724 (NG T7 SWCVng)	2011	0.0	22.16442240494826	294962.44975552557	185682.93602325796
2020	2	commercial	VCC 24724 (NG T7 SWCVng)	2011	0.0	21.499489732799812	274567.6233785985	172844.11113388248
2010	2	commercial	VCC 24724 (NG T7 SWCVng)	2012	0.0	0.0	0.0	0.0
2011	2	commercial	VCC 24724 (NG T7 SWCVng)	2012	0.0	0.0	0.0	0.0
2012	2	commercial	VCC 24724 (NG T7 SWCVng)	2012	42.566931060116296	42.566931060116296	1050363.2287423783	1669620.7947939632
2013	2	commercial	VCC 24724 (NG T7 SWCVng)	2012	0.0	42.14126174951514	890674.395791752	1415784.9893364792
2014	2	commercial	VCC 24724 (NG T7 SWCVng)	2012	0.0	41.71984913201998	795859.7134254837	1265070.8734967164
2015	2	commercial	VCC 24724 (NG T7 SWCVng)	2012	0.0	41.30265064069978	726948.1559143986	1155531.4624875295
2016	2	commercial	VCC 24724 (NG T7 SWCVng)	2012	0.0	40.88962413429279	672426.4631916508	1068865.679217242
2017	2	commercial	VCC 24724 (NG T7 SWCVng)	2012	0.0	40.48072789294985	624410.2971960941	992540.8545863874
2018	2	commercial	VCC 24724 (NG T7 SWCVng)	2012	0.0	40.07592061402035	585502.185281693	930693.8754073515
2019	2	commercial	VCC 24724 (NG T7 SWCVng)	2012	0.0	39.675161407880154	551884.6596744868	877256.6279034439
2020	2	commercial	VCC 24724 (NG T7 SWCVng)	2012	0.0	39.278409793801345	522714.0939479004	830888.11289809
2010	2	commercial	VCC 24724 (NG T7 SWCVng)	2013	0.0	0.0	0.0	0.0
2011	2	commercial	VCC 24724 (NG T7 SWCVng)	2013	0.0	0.0	0.0	0.0
2012	2	commercial	VCC 24724 (NG T7 SWCVng)	2013	0.0	0.0	0.0	0.0
2013	2	commercial	VCC 24724 (NG T7 SWCVng)	2013	7.037895703341938	7.037895703341938	173664.07843859613	70394.85517967292
2014	2	commercial	VCC 24724 (NG T7 SWCVng)	2013	0.0	6.967516746308519	147261.5795197128	59692.58384937346
2015	2	commercial	VCC 24724 (NG T7 SWCVng)	2013	0.0	6.8978415788454335	131585.18873887675	53338.147925267825
2016	2	commercial	VCC 24724 (NG T7 SWCVng)	2013	0.0	6.828863163056979	120191.54718569729	48719.72738420723
2017	2	commercial	VCC 24724 (NG T7 SWCVng)	2013	0.0	6.760574531426409	111177.0850810546	45065.70889008702
2018	2	commercial	VCC 24724 (NG T7 SWCVng)	2013	0.0	6.692968786112145	103238.22832218168	41847.6877722044
2019	2	commercial	VCC 24724 (NG T7 SWCVng)	2013	0.0	6.626039098251023	96805.27140356369	39240.08420366731
2020	2	commercial	VCC 24724 (NG T7 SWCVng)	2013	0.0	6.559778707268514	91247.04502605472	36987.05326935739
2010	2	commercial	VCC 24724 (NG T7 SWCVng)	2014	0.0	0.0	0.0	0.0
2011	2	commercial	VCC 24724 (NG T7 SWCVng)	2014	0.0	0.0	0.0	0.0
2012	2	commercial	VCC 24724 (NG T7 SWCVng)	2014	0.0	0.0	0.0	0.0
2013	2	commercial	VCC 24724 (NG T7 SWCVng)	2014	0.0	0.0	0.0	0.0
2014	2	commercial	VCC 24724 (NG T7 SWCVng)	2014	23.027857794875594	23.027857794875594	568225.4854193332	202311.2275441045
2015	2	commercial	VCC 24724 (NG T7 SWCVng)	2014	0.0	22.797579216926838	481837.0227081429	171553.44496444555
2016	2	commercial	VCC 24724 (NG T7 SWCVng)	2014	0.0	22.569603424757567	430544.17711132986	153291.11984317182
2017	2	commercial	VCC 24724 (NG T7 SWCVng)	2014	0.0	22.34390739050999	393264.4036517978	140018.0144920484
2018	2	commercial	VCC 24724 (NG T7 SWCVng)	2014	0.0	22.120468316604892	363769.25905276136	129516.55149269293
2019	2	commercial	VCC 24724 (NG T7 SWCVng)	2014	0.0	21.899263633438842	337793.47421548364	120268.12274090433
2020	2	commercial	VCC 24724 (NG T7 SWCVng)	2014	0.0	21.680270997104454	316744.96435306076	112774.00292841751
2010	2	commercial	VCC 24724 (NG T7 SWCVng)	2015	0.0	0.0	0.0	0.0
2011	2	commercial	VCC 24724 (NG T7 SWCVng)	2015	0.0	0.0	0.0	0.0
2012	2	commercial	VCC 24724 (NG T7 SWCVng)	2015	0.0	0.0	0.0	0.0
2013	2	commercial	VCC 24724 (NG T7 SWCVng)	2015	0.0	0.0	0.0	0.0
2014	2	commercial	VCC 24724 (NG T7 SWCVng)	2015	0.0	0.0	0.0	0.0
2015	2	commercial	VCC 24724 (NG T7 SWCVng)	2015	26.433659632552736	26.433659632552736	652265.5824051157	934868.8589610459
2016	2	commercial	VCC 24724 (NG T7 SWCVng)	2015	0.0	26.16932303622721	553100.3348241947	792738.8671979879
2017	2	commercial	VCC 24724 (NG T7 SWCVng)	2015	0.0	25.907629805864936	494221.3181927408	708349.6849694393
2018	2	commercial	VCC 24724 (NG T7 SWCVng)	2015	0.0	25.648553507806284	451427.89591325994	647015.4080481575
2019	2	commercial	VCC 24724 (NG T7 SWCVng)	2015	0.0	25.39206797272822	417570.4429061742	598488.7353033697
2020	2	commercial	VCC 24724 (NG T7 SWCVng)	2015	0.0	25.13814729300094	387752.8601681992	555752.2636832651
2010	2	commercial	VCC 24724 (NG T7 SWCVng)	2016	0.0	0.0	0.0	0.0
2011	2	commercial	VCC 24724 (NG T7 SWCVng)	2016	0.0	0.0	0.0	0.0
2012	2	commercial	VCC 24724 (NG T7 SWCVng)	2016	0.0	0.0	0.0	0.0
2013	2	commercial	VCC 24724 (NG T7 SWCVng)	2016	0.0	0.0	0.0	0.0
2014	2	commercial	VCC 24724 (NG T7 SWCVng)	2016	0.0	0.0	0.0	0.0
2015	2	commercial	VCC 24724 (NG T7 SWCVng)	2016	0.0	0.0	0.0	0.0
2016	2	commercial	VCC 24724 (NG T7 SWCVng)	2016	16.655799546273755	16.655799546273755	410991.3247916009	290365.8376803015
2017	2	commercial	VCC 24724 (NG T7 SWCVng)	2016	0.0	16.489241550811016	348507.4875695158	246220.9357272734
2018	2	commercial	VCC 24724 (NG T7 SWCVng)	2016	0.0	16.324349135302906	311407.9291985847	220010.05560855806
2019	2	commercial	VCC 24724 (NG T7 SWCVng)	2016	0.0	16.161105643949877	284443.8737747824	200959.91983170083
2020	2	commercial	VCC 24724 (NG T7 SWCVng)	2016	0.0	15.99949458751038	263110.355893704	185887.7652227245
2010	2	commercial	VCC 24724 (NG T7 SWCVng)	2017	0.0	0.0	0.0	0.0
2011	2	commercial	VCC 24724 (NG T7 SWCVng)	2017	0.0	0.0	0.0	0.0
2012	2	commercial	VCC 24724 (NG T7 SWCVng)	2017	0.0	0.0	0.0	0.0
2013	2	commercial	VCC 24724 (NG T7 SWCVng)	2017	0.0	0.0	0.0	0.0
2014	2	commercial	VCC 24724 (NG T7 SWCVng)	2017	0.0	0.0	0.0	0.0
2015	2	commercial	VCC 24724 (NG T7 SWCVng)	2017	0.0	0.0	0.0	0.0
2016	2	commercial	VCC 24724 (NG T7 SWCVng)	2017	0.0	0.0	0.0	0.0
2017	2	commercial	VCC 24724 (NG T7 SWCVng)	2017	12.209930616519786	12.209930616519786	301286.9808954722	106666.45037415136
2018	2	commercial	VCC 24724 (NG T7 SWCVng)	2017	0.0	12.087831310354588	255481.7155873737	90449.73551863551
2019	2	commercial	VCC 24724 (NG T7 SWCVng)	2017	0.0	11.966952997251042	228285.00057203625	80821.11816550171
2020	2	commercial	VCC 24724 (NG T7 SWCVng)	2017	0.0	11.847283467278531	208518.3574307122	73823.01405416244
2010	2	commercial	VCC 24724 (NG T7 SWCVng)	2018	0.0	0.0	0.0	0.0
2011	2	commercial	VCC 24724 (NG T7 SWCVng)	2018	0.0	0.0	0.0	0.0
2012	2	commercial	VCC 24724 (NG T7 SWCVng)	2018	0.0	0.0	0.0	0.0
2013	2	commercial	VCC 24724 (NG T7 SWCVng)	2018	0.0	0.0	0.0	0.0
2014	2	commercial	VCC 24724 (NG T7 SWCVng)	2018	0.0	0.0	0.0	0.0
2015	2	commercial	VCC 24724 (NG T7 SWCVng)	2018	0.0	0.0	0.0	0.0
2016	2	commercial	VCC 24724 (NG T7 SWCVng)	2018	0.0	0.0	0.0	0.0
2017	2	commercial	VCC 24724 (NG T7 SWCVng)	2018	0.0	0.0	0.0	0.0
2018	2	commercial	VCC 24724 (NG T7 SWCVng)	2018	14.50030544244197	14.50030544244197	357803.28210093937	262043.09042461053
2019	2	commercial	VCC 24724 (NG T7 SWCVng)	2018	0.0	14.35530238801755	303405.7299198579	222204.15266706565
2020	2	commercial	VCC 24724 (NG T7 SWCVng)	2018	0.0	14.211749364137376	271107.3748235661	198549.92362990405
2010	2	commercial	VCC 24724 (NG T7 SWCVng)	2019	0.0	0.0	0.0	0.0
2011	2	commercial	VCC 24724 (NG T7 SWCVng)	2019	0.0	0.0	0.0	0.0
2012	2	commercial	VCC 24724 (NG T7 SWCVng)	2019	0.0	0.0	0.0	0.0
2013	2	commercial	VCC 24724 (NG T7 SWCVng)	2019	0.0	0.0	0.0	0.0
2014	2	commercial	VCC 24724 (NG T7 SWCVng)	2019	0.0	0.0	0.0	0.0
2015	2	commercial	VCC 24724 (NG T7 SWCVng)	2019	0.0	0.0	0.0	0.0
2016	2	commercial	VCC 24724 (NG T7 SWCVng)	2019	0.0	0.0	0.0	0.0
2017	2	commercial	VCC 24724 (NG T7 SWCVng)	2019	0.0	0.0	0.0	0.0
2018	2	commercial	VCC 24724 (NG T7 SWCVng)	2019	0.0	0.0	0.0	0.0
2019	2	commercial	VCC 24724 (NG T7 SWCVng)	2019	12.569676137764434	12.569676137764434	310163.90619427967	126619.01808483514
2020	2	commercial	VCC 24724 (NG T7 SWCVng)	2019	0.0	12.443979376386789	263009.0640899202	107368.87425456132
2010	2	commercial	VCC 24724 (NG T7 SWCVng)	2020	0.0	0.0	0.0	0.0
2011	2	commercial	VCC 24724 (NG T7 SWCVng)	2020	0.0	0.0	0.0	0.0
2012	2	commercial	VCC 24724 (NG T7 SWCVng)	2020	0.0	0.0	0.0	0.0
2013	2	commercial	VCC 24724 (NG T7 SWCVng)	2020	0.0	0.0	0.0	0.0
2014	2	commercial	VCC 24724 (NG T7 SWCVng)	2020	0.0	0.0	0.0	0.0
2015	2	commercial	VCC 24724 (NG T7 SWCVng)	2020	0.0	0.0	0.0	0.0
2016	2	commercial	VCC 24724 (NG T7 SWCVng)	2020	0.0	0.0	0.0	0.0
2017	2	commercial	VCC 24724 (NG T7 SWCVng)	2020	0.0	0.0	0.0	0.0
2018	2	commercial	VCC 24724 (NG T7 SWCVng)	2020	0.0	0.0	0.0	0.0
2019	2	commercial	VCC 24724 (NG T7 SWCVng)	2020	0.0	0.0	0.0	0.0
2020	2	commercial	VCC 24724 (NG T7 SWCVng)	2020	15.255707386897752	15.255707386897752	376443.2546245935	131852.63451677386
2010	2	industrial	VCC 21400 (GAS LHD1)	2010	1.9882484526893731	1.9882484526893731	45591.2259283737	4462.183634585533
2011	2	industrial	VCC 21400 (GAS LHD1)	2010	0.0	1.9683659681624794	42926.19709556545	4201.347304758861
2012	2	industrial	VCC 21400 (GAS LHD1)	2010	0.0	1.9486823084808544	41294.14370756276	4041.612141458873
2013	2	industrial	VCC 21400 (GAS LHD1)	2010	0.0	1.9291954853960458	39975.6997982334	3912.571109647814
2014	2	industrial	VCC 21400 (GAS LHD1)	2010	0.0	1.9099035305420855	35676.410311407875	3491.783583148791
2015	2	industrial	VCC 21400 (GAS LHD1)	2010	0.0	1.8908044952366645	33404.39896191045	3269.4133429352996
2016	2	industrial	VCC 21400 (GAS LHD1)	2010	0.0	1.8718964502842979	32105.264801145662	3142.262228367707
2017	2	industrial	VCC 21400 (GAS LHD1)	2010	0.0	1.853177485781455	29257.35237313432	2863.526397728501
2018	2	industrial	VCC 21400 (GAS LHD1)	2010	0.0	1.8346457109236403	28091.25757320283	2749.3963425112033
2019	2	industrial	VCC 21400 (GAS LHD1)	2010	0.0	1.779606339595931	27210.32424412031	2663.176105960236
2020	2	industrial	VCC 21400 (GAS LHD1)	2010	0.0	1.7262181494080528	25784.05964924874	2523.5822607799532
2010	2	industrial	VCC 21400 (GAS LHD1)	2011	0.0	0.0	0.0	0.0
2011	2	industrial	VCC 21400 (GAS LHD1)	2011	104.01504843228658	104.01504843228658	2385101.1007264624	236005.24457284267
2012	2	industrial	VCC 21400 (GAS LHD1)	2011	0.0	102.97489794796371	2245680.3443602063	222209.5905040374
2013	2	industrial	VCC 21400 (GAS LHD1)	2011	0.0	101.94514896848408	2160299.61039431	213761.18511137177
2014	2	industrial	VCC 21400 (GAS LHD1)	2011	0.0	100.92569747879922	2091325.3295901937	206936.19475542696
2015	2	industrial	VCC 21400 (GAS LHD1)	2011	0.0	99.91644050401123	1866408.3663245153	184680.7092718432
2016	2	industrial	VCC 21400 (GAS LHD1)	2011	0.0	98.91727609897112	1747548.2861182308	172919.52971828554
2017	2	industrial	VCC 21400 (GAS LHD1)	2011	0.0	97.92810333798141	1679584.1931653577	166194.49723449326
2018	2	industrial	VCC 21400 (GAS LHD1)	2011	0.0	96.94882230460159	1530595.8970951026	151452.13715514823
2019	2	industrial	VCC 21400 (GAS LHD1)	2011	0.0	95.97933408155558	1469591.7469711842	145415.78952796856
2020	2	industrial	VCC 21400 (GAS LHD1)	2011	0.0	93.09995405910891	1423505.7949030756	140855.59441259445
2010	2	industrial	VCC 21400 (GAS LHD1)	2012	0.0	0.0	0.0	0.0
2011	2	industrial	VCC 21400 (GAS LHD1)	2012	0.0	0.0	0.0	0.0
2012	2	industrial	VCC 21400 (GAS LHD1)	2012	133.3931966831578	133.3931966831578	3058752.2193535273	299477.5885262112
2013	2	industrial	VCC 21400 (GAS LHD1)	2012	0.0	132.05926471632623	2879953.2796233236	281971.6673330386
2014	2	industrial	VCC 21400 (GAS LHD1)	2012	0.0	130.73867206916296	2770457.49790209	271251.10865025717
2015	2	industrial	VCC 21400 (GAS LHD1)	2012	0.0	129.43128534847133	2682002.029736131	262590.57376590575
2016	2	industrial	VCC 21400 (GAS LHD1)	2012	0.0	128.13697249498662	2393559.2210226525	234349.59490051182
2017	2	industrial	VCC 21400 (GAS LHD1)	2012	0.0	126.85560277003675	2241128.1420999286	219425.30922500388
2018	2	industrial	VCC 21400 (GAS LHD1)	2012	0.0	125.58704674233638	2153968.18058189	210891.61534607428
2019	2	industrial	VCC 21400 (GAS LHD1)	2012	0.0	124.33117627491302	1962899.4325427443	192184.37664153503
2020	2	industrial	VCC 21400 (GAS LHD1)	2012	0.0	123.08786451216388	1884665.1893383462	184524.58571542395
2010	2	industrial	VCC 21400 (GAS LHD1)	2013	0.0	0.0	0.0	0.0
2011	2	industrial	VCC 21400 (GAS LHD1)	2013	0.0	0.0	0.0	0.0
2012	2	industrial	VCC 21400 (GAS LHD1)	2013	0.0	0.0	0.0	0.0
2013	2	industrial	VCC 21400 (GAS LHD1)	2013	25.991616252745718	25.991616252745718	595996.7665105747	58470.0024662187
2014	2	industrial	VCC 21400 (GAS LHD1)	2013	0.0	25.73170009021826	561157.8576050202	55052.146524558986
2015	2	industrial	VCC 21400 (GAS LHD1)	2013	0.0	25.474383089316078	539822.6440367255	52959.06471597948
2016	2	industrial	VCC 21400 (GAS LHD1)	2013	0.0	25.219639258422916	522587.1279744819	51268.18194061454
2017	2	industrial	VCC 21400 (GAS LHD1)	2013	0.0	24.967442865838688	466384.1507510457	45754.41340776991
2018	2	industrial	VCC 21400 (GAS LHD1)	2013	0.0	24.7177684371803	436683.0100117469	42840.595968048125
2019	2	industrial	VCC 21400 (GAS LHD1)	2013	0.0	24.470590752808494	419699.9229525027	41174.47762976953
2020	2	industrial	VCC 21400 (GAS LHD1)	2013	0.0	24.22588484528041	382470.2463242264	37522.07646488298
2010	2	industrial	VCC 21400 (GAS LHD1)	2014	0.0	0.0	0.0	0.0
2011	2	industrial	VCC 21400 (GAS LHD1)	2014	0.0	0.0	0.0	0.0
2012	2	industrial	VCC 21400 (GAS LHD1)	2014	0.0	0.0	0.0	0.0
2013	2	industrial	VCC 21400 (GAS LHD1)	2014	0.0	0.0	0.0	0.0
2014	2	industrial	VCC 21400 (GAS LHD1)	2014	78.95826244566848	78.95826244566848	1810540.316127533	177040.40125685825
2015	2	industrial	VCC 21400 (GAS LHD1)	2014	0.0	78.1686798212118	1704705.431296355	166691.52898343615
2016	2	industrial	VCC 21400 (GAS LHD1)	2014	0.0	77.38699302299968	1639892.5556414279	160353.9194807097
2017	2	industrial	VCC 21400 (GAS LHD1)	2014	0.0	76.61312309276967	1587533.887854256	155234.12210765717
2018	2	industrial	VCC 21400 (GAS LHD1)	2014	0.0	75.84699186184199	1416798.471376752	138539.06904936067
2019	2	industrial	VCC 21400 (GAS LHD1)	2014	0.0	75.08852194322355	1326571.282631552	129716.36703193521
2020	2	industrial	VCC 21400 (GAS LHD1)	2014	0.0	74.33763672379132	1274979.4527075558	124671.5535086132
2010	2	industrial	VCC 21400 (GAS LHD1)	2015	0.0	0.0	0.0	0.0
2011	2	industrial	VCC 21400 (GAS LHD1)	2015	0.0	0.0	0.0	0.0
2012	2	industrial	VCC 21400 (GAS LHD1)	2015	0.0	0.0	0.0	0.0
2013	2	industrial	VCC 21400 (GAS LHD1)	2015	0.0	0.0	0.0	0.0
2014	2	industrial	VCC 21400 (GAS LHD1)	2015	0.0	0.0	0.0	0.0
2015	2	industrial	VCC 21400 (GAS LHD1)	2015	101.57141466285258	101.57141466285258	2329067.731698676	226625.9516327315
2016	2	industrial	VCC 21400 (GAS LHD1)	2015	0.0	100.55570051622405	2192922.39820201	213378.56284102192
2017	2	industrial	VCC 21400 (GAS LHD1)	2015	0.0	99.5501435110618	2109547.5205801977	205265.91299140805
2018	2	industrial	VCC 21400 (GAS LHD1)	2015	0.0	98.55464207595118	2042193.658016862	198712.16060721982
2019	2	industrial	VCC 21400 (GAS LHD1)	2015	0.0	97.56909565519167	1822560.6867796292	177341.1500354234
2020	2	industrial	VCC 21400 (GAS LHD1)	2015	0.0	96.59340469863976	1706492.9958497752	166047.38190975046
2010	2	industrial	VCC 21400 (GAS LHD1)	2016	0.0	0.0	0.0	0.0
2011	2	industrial	VCC 21400 (GAS LHD1)	2016	0.0	0.0	0.0	0.0
2012	2	industrial	VCC 21400 (GAS LHD1)	2016	0.0	0.0	0.0	0.0
2013	2	industrial	VCC 21400 (GAS LHD1)	2016	0.0	0.0	0.0	0.0
2014	2	industrial	VCC 21400 (GAS LHD1)	2016	0.0	0.0	0.0	0.0
2015	2	industrial	VCC 21400 (GAS LHD1)	2016	0.0	0.0	0.0	0.0
2016	2	industrial	VCC 21400 (GAS LHD1)	2016	69.62696580682616	69.62696580682616	1596570.4509979063	152218.0091265897
2017	2	industrial	VCC 21400 (GAS LHD1)	2016	0.0	68.9306961487579	1503243.1451648984	143320.1263665965
2018	2	industrial	VCC 21400 (GAS LHD1)	2016	0.0	68.24138918727031	1446089.862692745	137871.09725076688
2019	2	industrial	VCC 21400 (GAS LHD1)	2016	0.0	67.55897529539762	1399918.9483540854	133469.13386995127
2020	2	industrial	VCC 21400 (GAS LHD1)	2016	0.0	66.88338554244363	1249361.0632527831	119114.85247002565
2010	2	industrial	VCC 21400 (GAS LHD1)	2017	0.0	0.0	0.0	0.0
2011	2	industrial	VCC 21400 (GAS LHD1)	2017	0.0	0.0	0.0	0.0
2012	2	industrial	VCC 21400 (GAS LHD1)	2017	0.0	0.0	0.0	0.0
2013	2	industrial	VCC 21400 (GAS LHD1)	2017	0.0	0.0	0.0	0.0
2014	2	industrial	VCC 21400 (GAS LHD1)	2017	0.0	0.0	0.0	0.0
2015	2	industrial	VCC 21400 (GAS LHD1)	2017	0.0	0.0	0.0	0.0
2016	2	industrial	VCC 21400 (GAS LHD1)	2017	0.0	0.0	0.0	0.0
2017	2	industrial	VCC 21400 (GAS LHD1)	2017	50.49817731872433	50.49817731872433	1157940.7030318081	108128.42539135597
2018	2	industrial	VCC 21400 (GAS LHD1)	2017	0.0	49.993195545537084	1090253.4387079617	101807.79317657754
2019	2	industrial	VCC 21400 (GAS LHD1)	2017	0.0	49.49326359008172	1048802.0188567324	97937.06236366622
2020	2	industrial	VCC 21400 (GAS LHD1)	2017	0.0	48.998330954180894	1015315.7539847295	94810.11718990451
2010	2	industrial	VCC 21400 (GAS LHD1)	2018	0.0	0.0	0.0	0.0
2011	2	industrial	VCC 21400 (GAS LHD1)	2018	0.0	0.0	0.0	0.0
2012	2	industrial	VCC 21400 (GAS LHD1)	2018	0.0	0.0	0.0	0.0
2013	2	industrial	VCC 21400 (GAS LHD1)	2018	0.0	0.0	0.0	0.0
2014	2	industrial	VCC 21400 (GAS LHD1)	2018	0.0	0.0	0.0	0.0
2015	2	industrial	VCC 21400 (GAS LHD1)	2018	0.0	0.0	0.0	0.0
2016	2	industrial	VCC 21400 (GAS LHD1)	2018	0.0	0.0	0.0	0.0
2017	2	industrial	VCC 21400 (GAS LHD1)	2018	0.0	0.0	0.0	0.0
2018	2	industrial	VCC 21400 (GAS LHD1)	2018	62.225604735804744	62.225604735804744	1426854.6771417877	127621.19999143426
2019	2	industrial	VCC 21400 (GAS LHD1)	2018	0.0	61.603348688446694	1343448.083496241	120161.12032195796
2020	2	industrial	VCC 21400 (GAS LHD1)	2018	0.0	60.987315201562225	1292370.2069400097	115592.59627844543
2010	2	industrial	VCC 21400 (GAS LHD1)	2019	0.0	0.0	0.0	0.0
2011	2	industrial	VCC 21400 (GAS LHD1)	2019	0.0	0.0	0.0	0.0
2012	2	industrial	VCC 21400 (GAS LHD1)	2019	0.0	0.0	0.0	0.0
2013	2	industrial	VCC 21400 (GAS LHD1)	2019	0.0	0.0	0.0	0.0
2014	2	industrial	VCC 21400 (GAS LHD1)	2019	0.0	0.0	0.0	0.0
2015	2	industrial	VCC 21400 (GAS LHD1)	2019	0.0	0.0	0.0	0.0
2016	2	industrial	VCC 21400 (GAS LHD1)	2019	0.0	0.0	0.0	0.0
2017	2	industrial	VCC 21400 (GAS LHD1)	2019	0.0	0.0	0.0	0.0
2018	2	industrial	VCC 21400 (GAS LHD1)	2019	0.0	0.0	0.0	0.0
2019	2	industrial	VCC 21400 (GAS LHD1)	2019	53.03286299872189	53.03286299872189	1216061.9239173934	108778.50648575887
2020	2	industrial	VCC 21400 (GAS LHD1)	2019	0.0	52.50253436873467	1144977.191631149	102419.87387013648
2010	2	industrial	VCC 21400 (GAS LHD1)	2020	0.0	0.0	0.0	0.0
2011	2	industrial	VCC 21400 (GAS LHD1)	2020	0.0	0.0	0.0	0.0
2012	2	industrial	VCC 21400 (GAS LHD1)	2020	0.0	0.0	0.0	0.0
2013	2	industrial	VCC 21400 (GAS LHD1)	2020	0.0	0.0	0.0	0.0
2014	2	industrial	VCC 21400 (GAS LHD1)	2020	0.0	0.0	0.0	0.0
2015	2	industrial	VCC 21400 (GAS LHD1)	2020	0.0	0.0	0.0	0.0
2016	2	industrial	VCC 21400 (GAS LHD1)	2020	0.0	0.0	0.0	0.0
2017	2	industrial	VCC 21400 (GAS LHD1)	2020	0.0	0.0	0.0	0.0
2018	2	industrial	VCC 21400 (GAS LHD1)	2020	0.0	0.0	0.0	0.0
2019	2	industrial	VCC 21400 (GAS LHD1)	2020	0.0	0.0	0.0	0.0
2020	2	industrial	VCC 21400 (GAS LHD1)	2020	64.18679605936292	64.18679605936292	1471825.4737241582	131668.67671649362
2010	2	industrial	VCC 22400 (DSL LHD1)	2010	11.877352654456285	11.877352654456285	272351.81175060384	13590.878015789474
2011	2	industrial	VCC 22400 (DSL LHD1)	2010	0.0	11.758579127911721	256431.52410308068	12796.425113115558
2012	2	industrial	VCC 22400 (DSL LHD1)	2010	0.0	11.640993336632604	246682.00129370147	12309.905216799369
2013	2	industrial	VCC 22400 (DSL LHD1)	2010	0.0	11.524583403266277	238805.9115399068	11916.873224843122
2014	2	industrial	VCC 22400 (DSL LHD1)	2010	0.0	11.409337569233616	213122.91536830063	10635.242433387542
2015	2	industrial	VCC 22400 (DSL LHD1)	2010	0.0	11.29524419354128	199550.42647919492	9957.94919389403
2016	2	industrial	VCC 22400 (DSL LHD1)	2010	0.0	11.182291751605865	191789.68885509018	9570.673494555776
2017	2	industrial	VCC 22400 (DSL LHD1)	2010	0.0	11.070468834089807	174776.895413332	8721.702456366067
2018	2	industrial	VCC 22400 (DSL LHD1)	2010	0.0	10.959764145748908	167810.90524817945	8374.086180251585
2019	2	industrial	VCC 22400 (DSL LHD1)	2010	0.0	10.630971221376441	162548.40608695825	8111.477374021775
2020	2	industrial	VCC 22400 (DSL LHD1)	2010	0.0	10.312042084735147	154028.21961381353	7686.303719828036
2010	2	industrial	VCC 22400 (DSL LHD1)	2011	0.0	0.0	0.0	0.0
2011	2	industrial	VCC 22400 (DSL LHD1)	2011	462.0969210178641	462.0969210178641	1.0596042510901786e7	527534.7111942598
2012	2	industrial	VCC 22400 (DSL LHD1)	2011	0.0	457.4759518076854	9976652.3052166	496697.7423036093
2013	2	industrial	VCC 22400 (DSL LHD1)	2011	0.0	452.90119228960856	9597340.129963703	477813.3013796862
2014	2	industrial	VCC 22400 (DSL LHD1)	2011	0.0	448.3721803667124	9290915.210979477	462557.626350754
2015	2	industrial	VCC 22400 (DSL LHD1)	2011	0.0	443.88845856304533	8291699.830356755	412810.67632716364
2016	2	industrial	VCC 22400 (DSL LHD1)	2011	0.0	439.4495739774149	7763652.41872654	386521.30097739317
2017	2	industrial	VCC 22400 (DSL LHD1)	2011	0.0	435.0550782376407	7461715.357054739	371489.0584713822
2018	2	industrial	VCC 22400 (DSL LHD1)	2011	0.0	430.7045274552643	6799820.4301242195	338535.9489722471
2019	2	industrial	VCC 22400 (DSL LHD1)	2011	0.0	426.3974821807117	6528803.588172493	325043.10093009466
2020	2	industrial	VCC 22400 (DSL LHD1)	2011	0.0	413.6055577152903	6324062.285122351	314849.8477355205
2010	2	industrial	VCC 22400 (DSL LHD1)	2012	0.0	0.0	0.0	0.0
2011	2	industrial	VCC 22400 (DSL LHD1)	2012	0.0	0.0	0.0	0.0
2012	2	industrial	VCC 22400 (DSL LHD1)	2012	405.2399298649667	405.2399298649667	9292292.003386986	463272.022329027
2013	2	industrial	VCC 22400 (DSL LHD1)	2012	0.0	401.18753056631704	8749112.354065735	436191.52006572037
2014	2	industrial	VCC 22400 (DSL LHD1)	2012	0.0	397.17565526065385	8416471.229866449	419607.52482951444
2015	2	industrial	VCC 22400 (DSL LHD1)	2012	0.0	393.2038987080473	8147749.221495296	406210.2501617526
2016	2	industrial	VCC 22400 (DSL LHD1)	2012	0.0	389.27185972096686	7271478.568421861	362523.323684524
2017	2	industrial	VCC 22400 (DSL LHD1)	2012	0.0	385.37914112375717	6808402.779942125	339436.44082048774
2018	2	industrial	VCC 22400 (DSL LHD1)	2012	0.0	381.5253497125196	6543616.43722857	326235.38079898775
2019	2	industrial	VCC 22400 (DSL LHD1)	2012	0.0	377.7100962153944	5963161.90146478	297296.51979942684
2020	2	industrial	VCC 22400 (DSL LHD1)	2012	0.0	373.93299525324045	5725491.315426625	285447.32984694926
2010	2	industrial	VCC 22400 (DSL LHD1)	2013	0.0	0.0	0.0	0.0
2011	2	industrial	VCC 22400 (DSL LHD1)	2013	0.0	0.0	0.0	0.0
2012	2	industrial	VCC 22400 (DSL LHD1)	2013	0.0	0.0	0.0	0.0
2013	2	industrial	VCC 22400 (DSL LHD1)	2013	115.38639507130894	115.38639507130894	2645850.0192171424	128198.89369320228
2014	2	industrial	VCC 22400 (DSL LHD1)	2013	0.0	114.23253112059585	2491187.2207309185	120705.04501794925
2015	2	industrial	VCC 22400 (DSL LHD1)	2013	0.0	113.09020580938989	2396472.3189032213	116115.84096542183
2016	2	industrial	VCC 22400 (DSL LHD1)	2013	0.0	111.95930375129598	2319957.4901877944	112408.48177227115
2017	2	industrial	VCC 22400 (DSL LHD1)	2013	0.0	110.83971071378302	2070451.6929712743	100319.22238837663
2018	2	industrial	VCC 22400 (DSL LHD1)	2013	0.0	109.73131360664519	1938597.3470895998	93930.50755272884
2019	2	industrial	VCC 22400 (DSL LHD1)	2013	0.0	108.63400047057874	1863203.1440553286	90277.44583355624
2020	2	industrial	VCC 22400 (DSL LHD1)	2013	0.0	107.54766046587295	1697926.8436500558	82269.34306440134
2010	2	industrial	VCC 22400 (DSL LHD1)	2014	0.0	0.0	0.0	0.0
2011	2	industrial	VCC 22400 (DSL LHD1)	2014	0.0	0.0	0.0	0.0
2012	2	industrial	VCC 22400 (DSL LHD1)	2014	0.0	0.0	0.0	0.0
2013	2	industrial	VCC 22400 (DSL LHD1)	2014	0.0	0.0	0.0	0.0
2014	2	industrial	VCC 22400 (DSL LHD1)	2014	350.52492215892113	350.52492215892113	8037657.91848434	384893.2492998166
2015	2	industrial	VCC 22400 (DSL LHD1)	2014	0.0	347.0196729373319	7567817.73180756	362394.36741958855
2016	2	industrial	VCC 22400 (DSL LHD1)	2014	0.0	343.5494762079586	7280089.411931323	348616.13885153015
2017	2	industrial	VCC 22400 (DSL LHD1)	2014	0.0	340.113981445879	7047649.925777839	337485.48487265763
2018	2	industrial	VCC 22400 (DSL LHD1)	2014	0.0	336.7128416314202	6289692.281867815	301189.7400978944
2019	2	industrial	VCC 22400 (DSL LHD1)	2014	0.0	333.345713215106	5889140.429130529	282008.8162918975
2020	2	industrial	VCC 22400 (DSL LHD1)	2014	0.0	330.01225608295493	5660105.219793331	271041.180343728
2010	2	industrial	VCC 22400 (DSL LHD1)	2015	0.0	0.0	0.0	0.0
2011	2	industrial	VCC 22400 (DSL LHD1)	2015	0.0	0.0	0.0	0.0
2012	2	industrial	VCC 22400 (DSL LHD1)	2015	0.0	0.0	0.0	0.0
2013	2	industrial	VCC 22400 (DSL LHD1)	2015	0.0	0.0	0.0	0.0
2014	2	industrial	VCC 22400 (DSL LHD1)	2015	0.0	0.0	0.0	0.0
2015	2	industrial	VCC 22400 (DSL LHD1)	2015	450.91306631232015	450.91306631232015	1.0339592847409848e7	491467.94391415466
2016	2	industrial	VCC 22400 (DSL LHD1)	2015	0.0	446.40393564919697	9735193.371485772	462739.25293773867
2017	2	industrial	VCC 22400 (DSL LHD1)	2015	0.0	441.939896292705	9365061.461374499	445145.9132846231
2018	2	industrial	VCC 22400 (DSL LHD1)	2015	0.0	437.52049732977787	9066052.76097171	430933.2461740207
2019	2	industrial	VCC 22400 (DSL LHD1)	2015	0.0	433.1452923564801	8091020.791075496	384587.42148175504
2020	2	industrial	VCC 22400 (DSL LHD1)	2015	0.0	428.8138394329153	7575753.394331124	360095.41180775774
2010	2	industrial	VCC 22400 (DSL LHD1)	2016	0.0	0.0	0.0	0.0
2011	2	industrial	VCC 22400 (DSL LHD1)	2016	0.0	0.0	0.0	0.0
2012	2	industrial	VCC 22400 (DSL LHD1)	2016	0.0	0.0	0.0	0.0
2013	2	industrial	VCC 22400 (DSL LHD1)	2016	0.0	0.0	0.0	0.0
2014	2	industrial	VCC 22400 (DSL LHD1)	2016	0.0	0.0	0.0	0.0
2015	2	industrial	VCC 22400 (DSL LHD1)	2016	0.0	0.0	0.0	0.0
2016	2	industrial	VCC 22400 (DSL LHD1)	2016	309.0998462270427	309.0998462270427	7087766.573991808	326409.59525682504
2017	2	industrial	VCC 22400 (DSL LHD1)	2016	0.0	306.00884776477227	6673452.15503807	307329.3673192969
2018	2	industrial	VCC 22400 (DSL LHD1)	2016	0.0	302.9487592871245	6419727.601356868	295644.70925258
2019	2	industrial	VCC 22400 (DSL LHD1)	2016	0.0	299.91927169425327	6214757.840620252	286205.3328364001
2020	2	industrial	VCC 22400 (DSL LHD1)	2016	0.0	296.92007897731077	5546375.718926265	255424.64394921486
2010	2	industrial	VCC 22400 (DSL LHD1)	2017	0.0	0.0	0.0	0.0
2011	2	industrial	VCC 22400 (DSL LHD1)	2017	0.0	0.0	0.0	0.0
2012	2	industrial	VCC 22400 (DSL LHD1)	2017	0.0	0.0	0.0	0.0
2013	2	industrial	VCC 22400 (DSL LHD1)	2017	0.0	0.0	0.0	0.0
2014	2	industrial	VCC 22400 (DSL LHD1)	2017	0.0	0.0	0.0	0.0
2015	2	industrial	VCC 22400 (DSL LHD1)	2017	0.0	0.0	0.0	0.0
2016	2	industrial	VCC 22400 (DSL LHD1)	2017	0.0	0.0	0.0	0.0
2017	2	industrial	VCC 22400 (DSL LHD1)	2017	224.18008115772986	224.18008115772986	5140526.937103066	229131.01904183457
2018	2	industrial	VCC 22400 (DSL LHD1)	2017	0.0	221.93828034615257	4840038.142949338	215737.19687972436
2019	2	industrial	VCC 22400 (DSL LHD1)	2017	0.0	219.71889754269102	4656019.963289098	207534.87179833185
2020	2	industrial	VCC 22400 (DSL LHD1)	2017	0.0	217.5217085672641	4507362.051751143	200908.67585070044
2010	2	industrial	VCC 22400 (DSL LHD1)	2018	0.0	0.0	0.0	0.0
2011	2	industrial	VCC 22400 (DSL LHD1)	2018	0.0	0.0	0.0	0.0
2012	2	industrial	VCC 22400 (DSL LHD1)	2018	0.0	0.0	0.0	0.0
2013	2	industrial	VCC 22400 (DSL LHD1)	2018	0.0	0.0	0.0	0.0
2014	2	industrial	VCC 22400 (DSL LHD1)	2018	0.0	0.0	0.0	0.0
2015	2	industrial	VCC 22400 (DSL LHD1)	2018	0.0	0.0	0.0	0.0
2016	2	industrial	VCC 22400 (DSL LHD1)	2018	0.0	0.0	0.0	0.0
2017	2	industrial	VCC 22400 (DSL LHD1)	2018	0.0	0.0	0.0	0.0
2018	2	industrial	VCC 22400 (DSL LHD1)	2018	276.2424675420696	276.2424675420696	6334335.495992235	263677.74058971094
2019	2	industrial	VCC 22400 (DSL LHD1)	2018	0.0	273.48004286664894	5964062.78694025	248264.49457730257
2020	2	industrial	VCC 22400 (DSL LHD1)	2018	0.0	270.7452424379824	5737309.206696074	238825.4821114739
2010	2	industrial	VCC 22400 (DSL LHD1)	2019	0.0	0.0	0.0	0.0
2011	2	industrial	VCC 22400 (DSL LHD1)	2019	0.0	0.0	0.0	0.0
2012	2	industrial	VCC 22400 (DSL LHD1)	2019	0.0	0.0	0.0	0.0
2013	2	industrial	VCC 22400 (DSL LHD1)	2019	0.0	0.0	0.0	0.0
2014	2	industrial	VCC 22400 (DSL LHD1)	2019	0.0	0.0	0.0	0.0
2015	2	industrial	VCC 22400 (DSL LHD1)	2019	0.0	0.0	0.0	0.0
2016	2	industrial	VCC 22400 (DSL LHD1)	2019	0.0	0.0	0.0	0.0
2017	2	industrial	VCC 22400 (DSL LHD1)	2019	0.0	0.0	0.0	0.0
2018	2	industrial	VCC 22400 (DSL LHD1)	2019	0.0	0.0	0.0	0.0
2019	2	industrial	VCC 22400 (DSL LHD1)	2019	235.43248811012924	235.43248811012924	5398548.527368069	224679.40089514584
2020	2	industrial	VCC 22400 (DSL LHD1)	2019	0.0	233.07816322902795	5082977.116690197	211545.79745872234
2010	2	industrial	VCC 22400 (DSL LHD1)	2020	0.0	0.0	0.0	0.0
2011	2	industrial	VCC 22400 (DSL LHD1)	2020	0.0	0.0	0.0	0.0
2012	2	industrial	VCC 22400 (DSL LHD1)	2020	0.0	0.0	0.0	0.0
2013	2	industrial	VCC 22400 (DSL LHD1)	2020	0.0	0.0	0.0	0.0
2014	2	industrial	VCC 22400 (DSL LHD1)	2020	0.0	0.0	0.0	0.0
2015	2	industrial	VCC 22400 (DSL LHD1)	2020	0.0	0.0	0.0	0.0
2016	2	industrial	VCC 22400 (DSL LHD1)	2020	0.0	0.0	0.0	0.0
2017	2	industrial	VCC 22400 (DSL LHD1)	2020	0.0	0.0	0.0	0.0
2018	2	industrial	VCC 22400 (DSL LHD1)	2020	0.0	0.0	0.0	0.0
2019	2	industrial	VCC 22400 (DSL LHD1)	2020	0.0	0.0	0.0	0.0
2020	2	industrial	VCC 22400 (DSL LHD1)	2020	284.94892108325666	284.94892108325666	6533977.492390742	271878.3811589875
